"y_quantile","x_quantile","beta1","se","t_value","p_value","direction"
0.05,0.05,0.277094925821709,0.225384715608311,1.22943086479415,0.21899450912985,"oil_to_gold"
0.05,0.1,0.224263969786939,0.157122490612761,1.42731934118619,0.153578763826627,"oil_to_gold"
0.05,0.15,0.169477892295562,0.173927997002908,0.974414097879409,0.329919585564644,"oil_to_gold"
0.05,0.2,-0.0446285924161712,0.248569911982652,-0.17954140973943,0.857523194902097,"oil_to_gold"
0.05,0.25,0.0456073827880337,0.389794194901296,0.117003750657658,0.906863921515266,"oil_to_gold"
0.05,0.3,0.416283657903116,0.388372726439938,1.07186635302388,0.28385536519834,"oil_to_gold"
0.05,0.35,0.237439220675951,0.479276196141989,0.495412087199941,0.620340954529209,"oil_to_gold"
0.05,0.4,-0.462575261122288,0.55809504675292,-0.828846741811489,0.40724872347474,"oil_to_gold"
0.05,0.45,0.723134040492297,0.697132174213668,1.03729833056114,0.299669856831753,"oil_to_gold"
0.05,0.5,0.647582868471095,0.607581577485849,1.06583690563952,0.286572283461092,"oil_to_gold"
0.05,0.55,-0.0775011357512164,0.501826981947051,-0.154437960769901,0.877273497276575,"oil_to_gold"
0.05,0.6,-0.26668845588993,0.419879877858162,-0.635154171355693,0.525370174794535,"oil_to_gold"
0.05,0.65,0.14980201668775,0.341948521227059,0.438083534182853,0.661353276424793,"oil_to_gold"
0.05,0.7,0.122919256671169,0.333595217273892,0.368468282236339,0.712546797344499,"oil_to_gold"
0.05,0.75,0.323781366498517,0.31317293247482,1.03387404505193,0.301267831467625,"oil_to_gold"
0.05,0.8,0.16615790882165,0.203802070362778,0.81529058328937,0.414962522200747,"oil_to_gold"
0.05,0.85,-0.0473307122881196,0.114982106221237,-0.411635460886849,0.680632318338573,"oil_to_gold"
0.05,0.9,-0.0434345908513841,0.0986129457094057,-0.440455262125298,0.659635122734263,"oil_to_gold"
0.05,0.95,-0.0574815510664476,0.0976400226248998,-0.588708907691187,0.556095269835686,"oil_to_gold"
0.1,0.05,0.221973290860783,0.142553134593151,1.557126691702,0.119532531788372,"oil_to_gold"
0.1,0.1,0.187870733998759,0.0991323673471065,1.89515028266136,0.0581563802698916,"oil_to_gold"
0.1,0.15,0.0791069636633446,0.0933551162189809,0.847376843040775,0.396844143400236,"oil_to_gold"
0.1,0.2,0.151667213690998,0.184886974981507,0.820323950381944,0.412088376376361,"oil_to_gold"
0.1,0.25,0.190605225703144,0.206657649051522,0.922323594495282,0.356424586609597,"oil_to_gold"
0.1,0.3,0.0257891253413039,0.242382528120849,0.106398450173957,0.915272435709093,"oil_to_gold"
0.1,0.35,-0.0577438304070755,0.328282195163,-0.17589693031754,0.860385285368323,"oil_to_gold"
0.1,0.4,-0.256812849078703,0.375359090582439,-0.684179111474855,0.493908224770211,"oil_to_gold"
0.1,0.45,0.104013857914015,0.416115883995382,0.249963680586558,0.802630383341275,"oil_to_gold"
0.1,0.5,0.374340489171297,0.350057121155854,1.06936973010365,0.284978239994555,"oil_to_gold"
0.1,0.55,0.233812171063992,0.328876334235244,0.710942523753465,0.477168122838885,"oil_to_gold"
0.1,0.6,-0.196560901731852,0.300863368966089,-0.653322810308642,0.513591916585745,"oil_to_gold"
0.1,0.65,-0.162878643261857,0.323354253918259,-0.503715789380123,0.614493413034657,"oil_to_gold"
0.1,0.7,-0.0318105630787193,0.284076702616277,-0.111978781736594,0.910846773242384,"oil_to_gold"
0.1,0.75,0.00141100101925097,0.217777642075976,0.00647909035014124,0.994830846246161,"oil_to_gold"
0.1,0.8,0.161127686726171,0.176733027908091,0.911701047808473,0.36199008856623,"oil_to_gold"
0.1,0.85,0.0128410912444388,0.101487792378958,0.126528432074764,0.899321049729775,"oil_to_gold"
0.1,0.9,-0.0805552880762799,0.0580580625590845,-1.38749528533269,0.165380791712759,"oil_to_gold"
0.1,0.95,-0.0836110811367083,0.0760857336166892,-1.09890615707185,0.27188601554676,"oil_to_gold"
0.15,0.05,0.112624109612618,0.0884160385187972,1.27379728270312,0.202821449348125,"oil_to_gold"
0.15,0.1,0.109034155391795,0.0734873282659729,1.48371369547097,0.137976637727299,"oil_to_gold"
0.15,0.15,0.137034388595668,0.0977682333815598,1.40162488219322,0.161117640347514,"oil_to_gold"
0.15,0.2,0.219116478842783,0.117812180268837,1.85987966900178,0.0629879742112723,"oil_to_gold"
0.15,0.25,0.308948900087174,0.149712067318481,2.06362055925626,0.0391286616317057,"oil_to_gold"
0.15,0.3,0.0390227262850538,0.163470974099037,0.238713487211573,0.811341997727016,"oil_to_gold"
0.15,0.35,-0.249952308601345,0.19082855645311,-1.3098265440307,0.190342112282687,"oil_to_gold"
0.15,0.4,-0.34916808141919,0.274616564928085,-1.27147494365691,0.203645819787135,"oil_to_gold"
0.15,0.45,0.0886661693400648,0.354254578408635,0.250289409775215,0.802378513683307,"oil_to_gold"
0.15,0.5,0.363027717374545,0.27347959166115,1.32743988379341,0.184451428184049,"oil_to_gold"
0.15,0.55,-0.0161241107818864,0.275953881823157,-0.0584304546664048,0.953409155610796,"oil_to_gold"
0.15,0.6,-0.159891001585014,0.22028270379876,-0.725844557142731,0.467983518030144,"oil_to_gold"
0.15,0.65,-0.188448151442157,0.202007894807186,-0.93287518105185,0.350949983469641,"oil_to_gold"
0.15,0.7,-0.152053677563624,0.191205177267869,-0.79523828662131,0.426529849278905,"oil_to_gold"
0.15,0.75,0.0896742678229506,0.150399589601974,0.596240109831882,0.551054121692332,"oil_to_gold"
0.15,0.8,0.185201377617098,0.118810370757864,1.55879807828004,0.119136300983407,"oil_to_gold"
0.15,0.85,0.0358946221047682,0.0865396393208749,0.414776654796038,0.678331313012015,"oil_to_gold"
0.15,0.9,0.00437928262175358,0.0595287328093456,0.0735658633248457,0.941360117970413,"oil_to_gold"
0.15,0.95,-0.0354917365227374,0.0636195691687173,-0.557874518587424,0.576966427768313,"oil_to_gold"
0.2,0.05,0.0603633356850031,0.0685778059361532,0.880216782397532,0.378803460522468,"oil_to_gold"
0.2,0.1,0.0901915716207819,0.0576433243422848,1.56464903178079,0.117757340183221,"oil_to_gold"
0.2,0.15,0.113149429823948,0.081283547574353,1.39203360582221,0.164002339330744,"oil_to_gold"
0.2,0.2,0.176025570865392,0.104837242686981,1.67903663196258,0.0932358542565606,"oil_to_gold"
0.2,0.25,0.205519296424404,0.146837870424926,1.39963413954222,0.161713206260478,"oil_to_gold"
0.2,0.3,0.0118583222256276,0.148844909127257,0.0796689809222109,0.936505171483936,"oil_to_gold"
0.2,0.35,-0.155527464161101,0.171514290634445,-0.906790119854111,0.364581400422739,"oil_to_gold"
0.2,0.4,-0.0102649465535639,0.276383314973085,-0.037140254123385,0.970375334155847,"oil_to_gold"
0.2,0.45,0.176697370764534,0.257333686420809,0.686646871702553,0.49235163267061,"oil_to_gold"
0.2,0.5,0.122466561631169,0.248476056183442,0.492870675397214,0.62213547235278,"oil_to_gold"
0.2,0.55,-0.168617730980914,0.239910684949502,-0.70283543651424,0.482205938413717,"oil_to_gold"
0.2,0.6,-0.26466455228501,0.159841590862949,-1.65579278119134,0.0978551321136804,"oil_to_gold"
0.2,0.65,-0.101060529633719,0.185286214134635,-0.54542929761782,0.585493709171052,"oil_to_gold"
0.2,0.7,0.0233558690333554,0.151797465685434,0.153862048538776,0.877727546946203,"oil_to_gold"
0.2,0.75,0.0804411574599818,0.123451869529664,0.651599346097002,0.514703261187475,"oil_to_gold"
0.2,0.8,0.105583277145552,0.09980509894698,1.0578946192082,0.290177876866732,"oil_to_gold"
0.2,0.85,0.00805035927599657,0.0596002250762091,0.135072632120144,0.892562362236353,"oil_to_gold"
0.2,0.9,-0.0156580538947182,0.0386322429129074,-0.405310505269334,0.68527452648564,"oil_to_gold"
0.2,0.95,-0.0189730107165533,0.0514971936626178,-0.368428051455666,0.712576787609034,"oil_to_gold"
0.25,0.05,0.0683339814657193,0.0520246547989349,1.31349226111767,0.189104851316718,"oil_to_gold"
0.25,0.1,0.0874953487893993,0.0533903167659171,1.63878684543138,0.101349239294258,"oil_to_gold"
0.25,0.15,0.150513302345784,0.0678931298960534,2.21691506307375,0.026694143397618,"oil_to_gold"
0.25,0.2,0.150513302345784,0.0792514218028683,1.89918740789501,0.0576235411685966,"oil_to_gold"
0.25,0.25,0.100550022982738,0.122317719983556,0.822039709342649,0.411111351829375,"oil_to_gold"
0.25,0.3,0.0429007777865005,0.116158240033123,0.369330473449555,0.711904178947408,"oil_to_gold"
0.25,0.35,-0.120886042945877,0.146316489775084,-0.826195619726123,0.408750513216244,"oil_to_gold"
0.25,0.4,-0.0160087819817015,0.206117243882033,-0.0776683293459125,0.938096411092192,"oil_to_gold"
0.25,0.45,0.125452429708548,0.231097637866454,0.542854660336442,0.587265095314087,"oil_to_gold"
0.25,0.5,-0.0180441635567038,0.205218986231248,-0.0879263848247015,0.92994031109529,"oil_to_gold"
0.25,0.55,-0.118715679979176,0.235909592631122,-0.50322531888224,0.61483813130333,"oil_to_gold"
0.25,0.6,-0.181439284974323,0.175942034312251,-1.03124466920916,0.302498700579382,"oil_to_gold"
0.25,0.65,-0.0438719653568316,0.160626178089788,-0.273130854998665,0.784769048586872,"oil_to_gold"
0.25,0.7,0.0258101382919924,0.137361724495383,0.1878990554815,0.850966881656142,"oil_to_gold"
0.25,0.75,-0.0143611271595918,0.115535546016402,-0.12430050884559,0.901084617433335,"oil_to_gold"
0.25,0.8,0.0837296701795435,0.0901956832695649,0.92831127992349,0.35331134925128,"oil_to_gold"
0.25,0.85,0.0426439653288581,0.053036289945126,0.804052571795268,0.42142225399922,"oil_to_gold"
0.25,0.9,-0.00798043371582928,0.0404009235802388,-0.197530972280365,0.843423734037878,"oil_to_gold"
0.25,0.95,-0.0168434308330055,0.0506024198795637,-0.332858208621123,0.739261629770598,"oil_to_gold"
0.3,0.05,0.045898662096119,0.0537428485822698,0.854042227141293,0.393141146877539,"oil_to_gold"
0.3,0.1,0.0920498044474382,0.0451201576291823,2.04010378695803,0.0414163250753814,"oil_to_gold"
0.3,0.15,0.132521403541046,0.0571402048635405,2.31923220887163,0.0204408247135518,"oil_to_gold"
0.3,0.2,0.134056894806674,0.0723765246591698,1.85221514072366,0.0640806732024503,"oil_to_gold"
0.3,0.25,0.11856244345697,0.0890977269830274,1.33070110171897,0.183375705497673,"oil_to_gold"
0.3,0.3,-0.00115391639222955,0.101305163812463,-0.011390499248051,0.990912554498398,"oil_to_gold"
0.3,0.35,-0.0825958036860782,0.109912819841916,-0.75146651505141,0.452423426334675,"oil_to_gold"
0.3,0.4,0.0883488669967894,0.181776252410742,0.486030852903469,0.626976293896842,"oil_to_gold"
0.3,0.45,0.27060371541728,0.175437279603783,1.54245275592751,0.123055723674636,"oil_to_gold"
0.3,0.5,-0.206155509889926,0.179620506914513,-1.14772813767886,0.251160738547212,"oil_to_gold"
0.3,0.55,-0.274444230083469,0.211212279806958,-1.2993762973171,0.193902022389647,"oil_to_gold"
0.3,0.6,-0.128674837346856,0.187674029150812,-0.685629428478114,0.492993087512446,"oil_to_gold"
0.3,0.65,0.00145253227172717,0.146072410864837,0.00994391934197091,0.99206660849014,"oil_to_gold"
0.3,0.7,0.0306380306855749,0.125955028460413,0.243245792248813,0.80782951924562,"oil_to_gold"
0.3,0.75,-0.0523852452099305,0.124995052300507,-0.419098550268923,0.675170315295094,"oil_to_gold"
0.3,0.8,0.0575985105297068,0.0977956549045613,0.588967992350142,0.555921473580912,"oil_to_gold"
0.3,0.85,0.0281000894605784,0.0574133464449031,0.489434795227355,0.624565158861951,"oil_to_gold"
0.3,0.9,-0.00375671086993879,0.034074896998546,-0.110248634650285,0.912218632930193,"oil_to_gold"
0.3,0.95,-0.0212248193840408,0.0422208899962762,-0.502708952509356,0.615201141986157,"oil_to_gold"
0.35,0.05,0.0348986589216048,0.0481199457314387,0.725243106390372,0.468352304254544,"oil_to_gold"
0.35,0.1,0.0485379496315496,0.0389780675222949,1.24526311120444,0.213119990336859,"oil_to_gold"
0.35,0.15,0.0876407681753888,0.0542983525709959,1.61405943321756,0.106606384802709,"oil_to_gold"
0.35,0.2,0.112994204972241,0.0705043419934868,1.60265597518348,0.109102571464902,"oil_to_gold"
0.35,0.25,0.097005635192759,0.0824932629709409,1.17592190803424,0.239707575319507,"oil_to_gold"
0.35,0.3,0.0672432895595037,0.0813169288045996,0.826928544252892,0.408335001553342,"oil_to_gold"
0.35,0.35,-0.0327008632030275,0.104856127857116,-0.311864112010583,0.755162725074069,"oil_to_gold"
0.35,0.4,0.0703901161672384,0.150047571560698,0.469118663068557,0.63901459210308,"oil_to_gold"
0.35,0.45,0.253245580758594,0.142225751197933,1.78058880776209,0.0750680079972385,"oil_to_gold"
0.35,0.5,-0.0645632690087042,0.15857759497058,-0.407139917973168,0.683930595030589,"oil_to_gold"
0.35,0.55,-0.129297969863377,0.162734045541093,-0.794535460809442,0.426938662941921,"oil_to_gold"
0.35,0.6,-0.0641342015105964,0.134672464906324,-0.476223566229424,0.633945399844139,"oil_to_gold"
0.35,0.65,-0.0511716419322714,0.131584853891684,-0.388887021711436,0.697383826792599,"oil_to_gold"
0.35,0.7,-0.0145199638487624,0.10382968300542,-0.139844054498408,0.888791403534275,"oil_to_gold"
0.35,0.75,-0.0484917097305497,0.0914483937996972,-0.530263110326059,0.595963794774191,"oil_to_gold"
0.35,0.8,0.0302545866537404,0.0658661784656965,0.459334173600145,0.646023277075904,"oil_to_gold"
0.35,0.85,0.0344276709055206,0.0483738348378609,0.711700261534256,0.476698735096532,"oil_to_gold"
0.35,0.9,-0.0057042883522635,0.0272151166927571,-0.209599996085323,0.833992312401555,"oil_to_gold"
0.35,0.95,-0.02127219635655,0.0375514652522926,-0.566481126998135,0.571103767917363,"oil_to_gold"
0.4,0.05,0.017416762260079,0.0421604638073828,0.413106514663843,0.679554361721035,"oil_to_gold"
0.4,0.1,0.027855907823152,0.0371399330396695,0.750025795506923,0.453290535577168,"oil_to_gold"
0.4,0.15,0.0376185379915274,0.0514285463668575,0.731471928511871,0.464540840557896,"oil_to_gold"
0.4,0.2,0.0701790001760663,0.0754344589877309,0.930330794676749,0.352265213759915,"oil_to_gold"
0.4,0.25,0.10604232173223,0.082584813144348,1.28404143201101,0.19921405887229,"oil_to_gold"
0.4,0.3,0.0368717138552407,0.0786210310135977,0.468980289114546,0.639113487578865,"oil_to_gold"
0.4,0.35,-0.0908167083924589,0.0990686194732331,-0.916705096682974,0.359361548414377,"oil_to_gold"
0.4,0.4,0.134682359687923,0.112000053730179,1.20252049175251,0.229244815737311,"oil_to_gold"
0.4,0.45,0.201731041882372,0.130993448881203,1.54000863100658,0.123650358480312,"oil_to_gold"
0.4,0.5,-0.0140090811755215,0.0972465184781874,-0.144057405804855,0.885463589641959,"oil_to_gold"
0.4,0.55,-0.0972366596864473,0.0925436025459757,-1.05071184837591,0.293464865394754,"oil_to_gold"
0.4,0.6,-0.110989515755747,0.0979378250775357,-1.13326506554417,0.257182047699678,"oil_to_gold"
0.4,0.65,-0.0856104372977608,0.0963719285285842,-0.888333756570706,0.374423446059864,"oil_to_gold"
0.4,0.7,-0.0701282932457469,0.0866427138812379,-0.809396313945942,0.418343282620858,"oil_to_gold"
0.4,0.75,-0.0274900473192707,0.0760145716801831,-0.361641810400904,0.717641959317294,"oil_to_gold"
0.4,0.8,0.0497315320828324,0.0521739768705608,0.953186532171241,0.340562636873881,"oil_to_gold"
0.4,0.85,0.0459442964435517,0.036963865461959,1.24295161962525,0.213970496603484,"oil_to_gold"
0.4,0.9,0.00980961757430033,0.023083232775573,0.424967233561886,0.670887179140967,"oil_to_gold"
0.4,0.95,-0.00167781905413248,0.0305717223639487,-0.0548814042649762,0.956236138441477,"oil_to_gold"
0.45,0.05,0.034611687279735,0.0308380444987692,1.12236971709138,0.26178371981377,"oil_to_gold"
0.45,0.1,0.0420116308214626,0.0301711672027822,1.39244300822371,0.163878416140826,"oil_to_gold"
0.45,0.15,0.0395071693339262,0.0353205746821306,1.11853132882104,0.26341834881385,"oil_to_gold"
0.45,0.2,0.0225475704124642,0.0534431484830868,0.421898242383677,0.673125694917218,"oil_to_gold"
0.45,0.25,0,0.0580375748614376,0,1,"oil_to_gold"
0.45,0.3,-0.00206318715489405,0.0487945987222947,-0.04228310528049,0.966275470764729,"oil_to_gold"
0.45,0.35,-0.0278374521726336,0.0717425284433136,-0.38801883313367,0.698026140382224,"oil_to_gold"
0.45,0.4,0.022922428181822,0.0575568727743779,0.398257012184759,0.690465495567161,"oil_to_gold"
0.45,0.45,0.0940406472607744,0.0987557807585219,0.952254607664163,0.341034872127034,"oil_to_gold"
0.45,0.5,0.0820928021432563,0.0886312165431929,0.926228989571071,0.354392058963063,"oil_to_gold"
0.45,0.55,-0.0638266316858163,0.0904310951095555,-0.705804033540582,0.480357876080202,"oil_to_gold"
0.45,0.6,-0.0638266316858163,0.083916072230092,-0.760600800175777,0.44694774646405,"oil_to_gold"
0.45,0.65,-0.0299299251785842,0.0813839654804756,-0.367761941825808,0.713073407421362,"oil_to_gold"
0.45,0.7,-0.0382646355919502,0.0662208497397988,-0.577833654238857,0.563414306458966,"oil_to_gold"
0.45,0.75,-0.0494564245830901,0.065136114497496,-0.759278089653188,0.447738321368676,"oil_to_gold"
0.45,0.8,0.0344194163186808,0.0505392472710419,0.681043311430611,0.495889991895992,"oil_to_gold"
0.45,0.85,0.0393903428016045,0.0371549542716012,1.06016394243585,0.289144559536667,"oil_to_gold"
0.45,0.9,0.0121704306710853,0.0194454799980112,0.6258745308591,0.53143882359214,"oil_to_gold"
0.45,0.95,-0.00653193829297576,0.0170090541942416,-0.384027131572497,0.700982107718684,"oil_to_gold"
0.5,0.05,0.0334411169746796,0.0262372742116774,1.27456521225806,0.202549389935155,"oil_to_gold"
0.5,0.1,0.0377089700584357,0.0259206474575644,1.45478503653006,0.145820152715036,"oil_to_gold"
0.5,0.15,0.0323684003675803,0.0349782909942481,0.925385416140058,0.354830467864637,"oil_to_gold"
0.5,0.2,0.0140435033798595,0.0636686892366545,0.220571579974896,0.825439140439928,"oil_to_gold"
0.5,0.25,0.0188454063836909,0.061273234132562,0.307563435331644,0.758433192584751,"oil_to_gold"
0.5,0.3,-0.0804236300332749,0.0765010064447533,-1.05127545075311,0.293206048960214,"oil_to_gold"
0.5,0.35,-0.0841974881310599,0.0630228184665469,-1.33598417493424,0.181642946921745,"oil_to_gold"
0.5,0.4,0.0538214313457548,0.0793602767607149,0.678191074207514,0.497696232905616,"oil_to_gold"
0.5,0.45,0.14241658789656,0.10270490591819,1.38665808242892,0.165636030830608,"oil_to_gold"
0.5,0.5,0.0614567005890081,0.124386526703012,0.494078436129528,0.621282378632616,"oil_to_gold"
0.5,0.55,-0.14328236498624,0.115933122862534,-1.23590533445852,0.216578263334102,"oil_to_gold"
0.5,0.6,-0.115820539472425,0.083268360534866,-1.39093094578137,0.164336457991212,"oil_to_gold"
0.5,0.65,-0.0474835992500437,0.079397788614528,-0.59804687357949,0.549848084162559,"oil_to_gold"
0.5,0.7,-0.0311558671310206,0.0661365955178082,-0.471083624536304,0.637610933350682,"oil_to_gold"
0.5,0.75,-0.0415650227515765,0.0547405311079777,-0.759309818707969,0.447719347830058,"oil_to_gold"
0.5,0.8,0.00328477424526067,0.042656831553201,0.0770046467507542,0.938624333084303,"oil_to_gold"
0.5,0.85,0.0178657513316382,0.0355054710330095,0.503183053536409,0.614867840716965,"oil_to_gold"
0.5,0.9,0.0117209978274629,0.0223884597183131,0.5235285488566,0.600640261213471,"oil_to_gold"
0.5,0.95,-0.0115387618667106,0.0205063580956582,-0.562691913058599,0.573681412636022,"oil_to_gold"
0.55,0.05,0.0403239603459589,0.0301749935142756,1.33633700126172,0.18152766030451,"oil_to_gold"
0.55,0.1,0.0517976276837736,0.0279349959030407,1.85421998498076,0.0637933497804812,"oil_to_gold"
0.55,0.15,0.0144718644688572,0.04826632330783,0.299833579130513,0.764322242433825,"oil_to_gold"
0.55,0.2,0.0153905459501661,0.072484618769691,0.212328438934986,0.831863408285534,"oil_to_gold"
0.55,0.25,0.0283139820085673,0.0696213636340421,0.406685254793298,0.684264508440821,"oil_to_gold"
0.55,0.3,-0.0955255330145201,0.089345815036399,-1.06916628356464,0.285069873851128,"oil_to_gold"
0.55,0.35,-0.0971085400920487,0.0799513441890692,-1.21459546524204,0.224603907250298,"oil_to_gold"
0.55,0.4,0.0631024407848098,0.103793683157867,0.607960319597033,0.543253984165327,"oil_to_gold"
0.55,0.45,0.226804987994065,0.125485706534028,1.80741691032805,0.0707847483776409,"oil_to_gold"
0.55,0.5,-0.0319655984342735,0.141964051914036,-0.225166850363145,0.821862870879546,"oil_to_gold"
0.55,0.55,-0.119146491205636,0.141404229708195,-0.842594959510825,0.399513674128503,"oil_to_gold"
0.55,0.6,-0.113297301627291,0.100052752034606,-1.1323756650702,0.257555569198304,"oil_to_gold"
0.55,0.65,-0.0604026918087552,0.0914005743896578,-0.660856807652512,0.508748465530943,"oil_to_gold"
0.55,0.7,0.0124179853729313,0.0973687445871007,0.127535642218565,0.898523930329014,"oil_to_gold"
0.55,0.75,-0.0487046659563218,0.0763256253814121,-0.638116827905914,0.52344016981879,"oil_to_gold"
0.55,0.8,0.0218622342407037,0.0580790334761392,0.376422142935375,0.706626335139614,"oil_to_gold"
0.55,0.85,0.0353404177504477,0.0485461373995099,0.727975893521953,0.466677961849952,"oil_to_gold"
0.55,0.9,0.00714171804644545,0.0339566362562804,0.210318772228936,0.833431358873171,"oil_to_gold"
0.55,0.95,-0.00421485115271762,0.0274918855107014,-0.153312552937737,0.878160807245585,"oil_to_gold"
0.6,0.05,0.0499135875761666,0.0251967109817775,1.98095646738436,0.0476757882603637,"oil_to_gold"
0.6,0.1,0.0601326942220761,0.0283744116742581,2.11925783386832,0.0341402390621403,"oil_to_gold"
0.6,0.15,-0.0134823891997969,0.04774659210224,-0.282373853424491,0.777673873852881,"oil_to_gold"
0.6,0.2,-0.0271057670758888,0.0730019746781589,-0.371301833894069,0.710435631187984,"oil_to_gold"
0.6,0.25,0.0187480769943911,0.0909142236781236,0.206217203820247,0.836633471159429,"oil_to_gold"
0.6,0.3,-0.0650424831099441,0.104318829896199,-0.62349705393229,0.532999335085103,"oil_to_gold"
0.6,0.35,-0.0312402179532035,0.110596578913315,-0.282470020864655,0.777600149403583,"oil_to_gold"
0.6,0.4,0.0996098382652734,0.139742184236401,0.712811516505023,0.47601081563698,"oil_to_gold"
0.6,0.45,0.253519755774736,0.157694673641516,1.60766213544446,0.108001100051637,"oil_to_gold"
0.6,0.5,0.0282810372595504,0.20243761150835,0.13970248437941,0.888903253670058,"oil_to_gold"
0.6,0.55,-0.133763678467191,0.177022981142643,-0.755628888428931,0.449923541316557,"oil_to_gold"
0.6,0.6,-0.148194127631997,0.138538819561779,-1.06969388147495,0.284832280950605,"oil_to_gold"
0.6,0.65,-0.0462703490626452,0.123542507141618,-0.374529788436339,0.708033317701921,"oil_to_gold"
0.6,0.7,-0.0170473368077658,0.123385290852556,-0.13816344468594,0.890119343251448,"oil_to_gold"
0.6,0.75,0.0279604519041853,0.102357821132377,0.273163805118757,0.784743722990824,"oil_to_gold"
0.6,0.8,0.0265059374723357,0.0743574716108818,0.356466363071666,0.721513231554306,"oil_to_gold"
0.6,0.85,0.0270020628985633,0.0535928011374115,0.503837499169529,0.614407884710685,"oil_to_gold"
0.6,0.9,0.0152647033875227,0.0356812481643274,0.427807438720254,0.668818139117726,"oil_to_gold"
0.6,0.95,-0.0139043970521217,0.03286930627182,-0.42302070317932,0.672306636954107,"oil_to_gold"
0.65,0.05,0.0380990306360456,0.0264798240668986,1.43879470421677,0.150299805420736,"oil_to_gold"
0.65,0.1,0.0472121038291231,0.0283460119195697,1.66556424103274,0.0958914248380108,"oil_to_gold"
0.65,0.15,0.0321312141568534,0.0508528491838794,0.631846881197742,0.527528983651413,"oil_to_gold"
0.65,0.2,-0.0153325451336859,0.0713827678075938,-0.214793368268004,0.829941174100992,"oil_to_gold"
0.65,0.25,0.0114772986989635,0.0998524448860355,0.114942590660278,0.908497344477156,"oil_to_gold"
0.65,0.3,-0.118712394652206,0.13039315606791,-0.9104189071885,0.362665509675944,"oil_to_gold"
0.65,0.35,-0.0351130861792358,0.144919686198729,-0.24229341851517,0.808567277719605,"oil_to_gold"
0.65,0.4,0.202118693955498,0.153385776727603,1.31771470776225,0.187687044814,"oil_to_gold"
0.65,0.45,0.422967917503156,0.188972299153833,2.23825353978912,0.0252683543162412,"oil_to_gold"
0.65,0.5,0.0118833893611251,0.215378727193477,0.0551743875357295,0.956002742367243,"oil_to_gold"
0.65,0.55,-0.21282460425886,0.197880900247683,-1.07551867811634,0.282218110220009,"oil_to_gold"
0.65,0.6,-0.154244054372069,0.14055548757637,-1.0973890598776,0.272548274178139,"oil_to_gold"
0.65,0.65,-0.115866383212878,0.127031429475945,-0.912108001074009,0.361775873910102,"oil_to_gold"
0.65,0.7,-0.055664522814941,0.12403500540241,-0.448780750517541,0.653618135143721,"oil_to_gold"
0.65,0.75,-0.0114936978160842,0.108988153588163,-0.105458230437739,0.916018369921969,"oil_to_gold"
0.65,0.8,0.0887279403987636,0.10010620430556,0.886338074790388,0.375497424124076,"oil_to_gold"
0.65,0.85,0.0358707786056118,0.0626402082077833,0.572647818899727,0.566920653986903,"oil_to_gold"
0.65,0.9,0.0182126891642005,0.0419866772376046,0.433773052845645,0.664480492094243,"oil_to_gold"
0.65,0.95,-0.0246540479170991,0.036525533716584,-0.674981181887707,0.499733149625748,"oil_to_gold"
0.7,0.05,0.0288016794492058,0.032857006426239,0.876576492562185,0.380778008977325,"oil_to_gold"
0.7,0.1,0.0546325987831638,0.0309296127483961,1.76635249938578,0.0774255332215091,"oil_to_gold"
0.7,0.15,0.0577314084404788,0.0523333243920013,1.10314812046037,0.270040124013102,"oil_to_gold"
0.7,0.2,0.0179419950832563,0.0703061824884786,0.255197970480001,0.798585476738844,"oil_to_gold"
0.7,0.25,-0.0247017382227096,0.0938683378102877,-0.263153037530429,0.792448408900127,"oil_to_gold"
0.7,0.3,-0.106353716237043,0.124011765936728,-0.85760988430167,0.39116774643966,"oil_to_gold"
0.7,0.35,-0.0376606997881939,0.126506223036869,-0.297698396838692,0.765951370184176,"oil_to_gold"
0.7,0.4,0.249697746306802,0.148150780990398,1.68542983464249,0.0919964996321177,"oil_to_gold"
0.7,0.45,0.320223237677015,0.166971614597249,1.91783039560002,0.0552153496634243,"oil_to_gold"
0.7,0.5,-0.0310301609708151,0.177812676532363,-0.174510398110831,0.861474643924588,"oil_to_gold"
0.7,0.55,-0.219401864801645,0.143897787104091,-1.52470631562205,0.127424424280659,"oil_to_gold"
0.7,0.6,-0.259379009401284,0.141496615377386,-1.83311105152228,0.0668725541615113,"oil_to_gold"
0.7,0.65,-0.176943021248203,0.157703882781394,-1.12199533789208,0.26194284486204,"oil_to_gold"
0.7,0.7,0.0115302332632263,0.14262155347513,0.0808449563356983,0.935569964847731,"oil_to_gold"
0.7,0.75,0.0548045769964856,0.146249707686383,0.374732899391553,0.707882255005962,"oil_to_gold"
0.7,0.8,0.0330102926126394,0.100573297564408,0.328221241741621,0.742764393319617,"oil_to_gold"
0.7,0.85,-0.0129949356643638,0.0744378103082121,-0.17457439452555,0.861424357958309,"oil_to_gold"
0.7,0.9,-0.0128530620705757,0.0386234198859869,-0.33277897473908,0.739321437836915,"oil_to_gold"
0.7,0.95,-0.0313051609765673,0.0335386722597004,-0.933404898505275,0.35067655695554,"oil_to_gold"
0.75,0.05,0.0390992198185993,0.0442079264228133,0.884439126247331,0.376521110602964,"oil_to_gold"
0.75,0.1,0.0394738089881587,0.0345176993746283,1.1435816900698,0.252876848035566,"oil_to_gold"
0.75,0.15,0.0447239865770681,0.0567208498370018,0.788492885871615,0.430462870375522,"oil_to_gold"
0.75,0.2,-0.00893642523908749,0.0767751723481261,-0.116397332181379,0.907344453925707,"oil_to_gold"
0.75,0.25,-0.0821273709712379,0.101944198192985,-0.805611034536436,0.420522923889971,"oil_to_gold"
0.75,0.3,-0.152084989046321,0.124258256961423,-1.22394272030982,0.221057779408722,"oil_to_gold"
0.75,0.35,0.0485476169458206,0.136955374416239,0.354477632971695,0.72300272280046,"oil_to_gold"
0.75,0.4,0.278996819869402,0.133318202406333,2.09271363424976,0.036447924614855,"oil_to_gold"
0.75,0.45,0.322153244830257,0.171418979819656,1.87933241213536,0.0602837096717122,"oil_to_gold"
0.75,0.5,-0.0881152751067639,0.193413111826761,-0.455580670175495,0.648720342046919,"oil_to_gold"
0.75,0.55,-0.22442086110008,0.188617207683639,-1.18982177636991,0.234198678571667,"oil_to_gold"
0.75,0.6,-0.18011453803903,0.194126194550007,-0.927821917369493,0.353565141070212,"oil_to_gold"
0.75,0.65,0.0142087955177835,0.135630398906137,0.104761142283572,0.91657146067814,"oil_to_gold"
0.75,0.7,0.05603642548326,0.124615884940865,0.449673213891242,0.652974461093506,"oil_to_gold"
0.75,0.75,0.0736706354175098,0.148621589892936,0.49569268819275,0.620142957479412,"oil_to_gold"
0.75,0.8,0.0286536629277723,0.0962509705110705,0.297697392302934,0.765952136881655,"oil_to_gold"
0.75,0.85,-0.036323744879959,0.0679441326887796,-0.53461194429166,0.592952823277035,"oil_to_gold"
0.75,0.9,-0.0223248060753523,0.0377647403211601,-0.591154761968358,0.554455626830482,"oil_to_gold"
0.75,0.95,-0.0319134509502158,0.0366886487602627,-0.869845361674402,0.38444569611481,"oil_to_gold"
0.8,0.05,0.0465035459825427,0.0481829726529976,0.965144809919685,0.33454022735688,"oil_to_gold"
0.8,0.1,0.0477476471709017,0.0406425637044974,1.17481878156269,0.240148656813605,"oil_to_gold"
0.8,0.15,0.0924269088398062,0.0697706035249461,1.32472566052491,0.185350280300748,"oil_to_gold"
0.8,0.2,0.00354478777626001,0.100699942273014,0.0352014876696704,0.971921121327266,"oil_to_gold"
0.8,0.25,-0.170680021750179,0.119406911031919,-1.42939818369938,0.152980755815814,"oil_to_gold"
0.8,0.3,-0.247642801424214,0.140655416617777,-1.76063465865071,0.0783892345814957,"oil_to_gold"
0.8,0.35,-0.0140425609412188,0.14392887692114,-0.0975659731501473,0.922282637289178,"oil_to_gold"
0.8,0.4,0.345793507870967,0.146680913891878,2.35745400472388,0.0184565226548559,"oil_to_gold"
0.8,0.45,0.345278935127575,0.230540444137517,1.49769354535301,0.134304771421798,"oil_to_gold"
0.8,0.5,-0.11007007023384,0.235884871545781,-0.466626238098856,0.640796903562385,"oil_to_gold"
0.8,0.55,-0.23495150649132,0.185828602070272,-1.26434522928,0.206191923971641,"oil_to_gold"
0.8,0.6,-0.189834389861826,0.177110854910288,-1.07183938532724,0.283867478088023,"oil_to_gold"
0.8,0.65,0.0123538501362435,0.155268073185344,0.0795646515268893,0.936588144768633,"oil_to_gold"
0.8,0.7,0.0533333349909008,0.160121749046953,0.333079892696288,0.739094304489112,"oil_to_gold"
0.8,0.75,0.198467836259844,0.15617983834057,1.2707647694388,0.203898399820524,"oil_to_gold"
0.8,0.8,0.0772999346651786,0.123487861936277,0.625971925119794,0.53137494608152,"oil_to_gold"
0.8,0.85,-0.114029491908074,0.0752703201006407,-1.51493300089079,0.1298813795719,"oil_to_gold"
0.8,0.9,-0.0218508413887479,0.046113269977322,-0.473851483520772,0.635635934037418,"oil_to_gold"
0.8,0.95,-0.00970420553921253,0.0374008736093744,-0.259464675626726,0.795292282341781,"oil_to_gold"
0.85,0.05,0.0429235678635697,0.0645549985225784,0.664914706001534,0.506149685788515,"oil_to_gold"
0.85,0.1,0.0455748472928225,0.0527903842615897,0.86331721070617,0.388023357512862,"oil_to_gold"
0.85,0.15,0.0732604959302419,0.0691617848017911,1.05926265697447,0.289554655051152,"oil_to_gold"
0.85,0.2,0.0538518016066208,0.118166141267399,0.455729543412604,0.648613281644791,"oil_to_gold"
0.85,0.25,-0.175075494772974,0.152055918917858,-1.15138888389837,0.249652420098618,"oil_to_gold"
0.85,0.3,-0.2416422742243,0.18636905253656,-1.29657939950571,0.194863037697466,"oil_to_gold"
0.85,0.35,0.0461317042865571,0.158941870829222,0.290242615403239,0.771648156143847,"oil_to_gold"
0.85,0.4,0.228202450129613,0.210804154103833,1.08253298470205,0.27909175179448,"oil_to_gold"
0.85,0.45,0.390568364907196,0.233490289818892,1.67273921844948,0.0944697085251453,"oil_to_gold"
0.85,0.5,-0.066813110594204,0.33801433098033,-0.19766354402912,0.843320010200779,"oil_to_gold"
0.85,0.55,-0.228976366316007,0.257416173046144,-0.88951818219658,0.37378694579926,"oil_to_gold"
0.85,0.6,-0.236378093282199,0.195904145453637,-1.20660077271382,0.227669019182119,"oil_to_gold"
0.85,0.65,0.0546202557035248,0.173178892521221,0.315397880817558,0.75247873496082,"oil_to_gold"
0.85,0.7,0.178034885656459,0.171861287100721,1.03592198487446,0.300311460264999,"oil_to_gold"
0.85,0.75,0.215875128974447,0.170324472015766,1.26743459950056,0.205085848254543,"oil_to_gold"
0.85,0.8,0.128414582595504,0.15266734725193,0.841139804332855,0.400328167852011,"oil_to_gold"
0.85,0.85,-0.106985110042834,0.0654272592783345,-1.63517639624346,0.102103699309615,"oil_to_gold"
0.85,0.9,-0.0255333858812852,0.0440671428835855,-0.579420044288735,0.562343778727902,"oil_to_gold"
0.85,0.95,-0.0219995538764708,0.0429906938023069,-0.511728281884353,0.608874084097643,"oil_to_gold"
0.9,0.05,-0.0727427022723231,0.0816485821462086,-0.890924255635723,0.37303220407445,"oil_to_gold"
0.9,0.1,-0.00714521415890979,0.0760573829306268,-0.0939450436445737,0.925158291502584,"oil_to_gold"
0.9,0.15,0.144674897332613,0.0814141171978227,1.77702470176121,0.0756526482244179,"oil_to_gold"
0.9,0.2,0.100092936913949,0.133710344779446,0.748580351647819,0.454161430408185,"oil_to_gold"
0.9,0.25,-0.3668968862785,0.19871675923419,-1.84633086656827,0.0649301543719748,"oil_to_gold"
0.9,0.3,-0.394007044110117,0.188463765145681,-2.09062492095259,0.0366350268723887,"oil_to_gold"
0.9,0.35,0.0221927269966261,0.190058328353831,0.116767979539997,0.907050744998482,"oil_to_gold"
0.9,0.4,0.463832953793146,0.270089099836431,1.71733310997759,0.0860084621716413,"oil_to_gold"
0.9,0.45,0.746959167217009,0.390419267930901,1.91322311313081,0.0558025439130831,"oil_to_gold"
0.9,0.5,-0.22693891743148,0.408908551157749,-0.55498696906422,0.578939709831348,"oil_to_gold"
0.9,0.55,-0.584758614982085,0.346547676564737,-1.68738287550703,0.0916205442950327,"oil_to_gold"
0.9,0.6,-0.449605226202774,0.278921181568559,-1.61194364542107,0.107066071668375,"oil_to_gold"
0.9,0.65,0.0326917312995061,0.24431831636526,0.133807942793087,0.893562284839252,"oil_to_gold"
0.9,0.7,0.199051679518741,0.178674101660716,1.11404886141093,0.265336169678054,"oil_to_gold"
0.9,0.75,0.193071486046953,0.184858065429808,1.04443095624769,0.296359541004894,"oil_to_gold"
0.9,0.8,0.156732646468959,0.158248015226845,0.990424089959587,0.322036635476454,"oil_to_gold"
0.9,0.85,-0.0618042715143128,0.0917878881441165,-0.673337983517756,0.50077759257806,"oil_to_gold"
0.9,0.9,-0.0335728153002814,0.052616346751386,-0.638068155109934,0.523471847992733,"oil_to_gold"
0.9,0.95,-0.0709248815305918,0.0428795928053012,-1.65404745918724,0.0982092384513852,"oil_to_gold"
0.95,0.05,-0.0875896990497791,0.138883836591804,-0.630668774705698,0.528299075603521,"oil_to_gold"
0.95,0.1,-0.0867786196260461,0.107589014266883,-0.806575097070648,0.419967164665134,"oil_to_gold"
0.95,0.15,0.0902020322730624,0.133569878764741,0.675317168116451,0.499519733989441,"oil_to_gold"
0.95,0.2,0.213439515042786,0.29864245036822,0.714699182181299,0.474843510072949,"oil_to_gold"
0.95,0.25,-0.650145558480468,0.305489971734849,-2.12820589425032,0.0333910103819428,"oil_to_gold"
0.95,0.3,-0.506174453179979,0.315416930031699,-1.60477896075239,0.108634384871528,"oil_to_gold"
0.95,0.35,0.02785037011253,0.31806444030826,0.0875620364399683,0.930229880709841,"oil_to_gold"
0.95,0.4,0.72711275752963,0.434263072205157,1.674360092,0.0941508857334301,"oil_to_gold"
0.95,0.45,1.69144440243996,0.540515088770082,3.12931949094847,0.00176680975715339,"oil_to_gold"
0.95,0.5,-0.854733548742782,0.793196725079065,-1.07758078383088,0.281296549902922,"oil_to_gold"
0.95,0.55,-1.18171230875819,0.414715463625926,-2.84945320925889,0.00440551906741123,"oil_to_gold"
0.95,0.6,-0.304084843592348,0.31237977782398,-0.973445994841874,0.330400232002048,"oil_to_gold"
0.95,0.65,0.0231268425283927,0.248729723262179,0.092979810474904,0.925925022982602,"oil_to_gold"
0.95,0.7,0.277544049899423,0.230969156546038,1.20164983952783,0.229582062790439,"oil_to_gold"
0.95,0.75,0.317363418144688,0.242263104223208,1.30999484697549,0.190285175990648,"oil_to_gold"
0.95,0.8,0.134443152292804,0.1788139330492,0.75186060728172,0.452186402009272,"oil_to_gold"
0.95,0.85,-0.11791576336944,0.115497545058236,-1.02093740009785,0.307355994680511,"oil_to_gold"
0.95,0.9,-0.0810469263959225,0.0640427284745542,-1.26551332721754,0.205773205707392,"oil_to_gold"
0.95,0.95,-0.120610059260134,0.0579336045664152,-2.08186699520597,0.0374284798272018,"oil_to_gold"
0.05,0.05,0.286392474881842,0.491686657845633,0.58246948602733,0.560288719018028,"usdgbp_to_gold"
0.05,0.1,0.759985505894634,0.564508492020378,1.34627825203239,0.178301629233346,"usdgbp_to_gold"
0.05,0.15,2.07495577215639,0.828580918255077,2.50422828530263,0.012317884540136,"usdgbp_to_gold"
0.05,0.2,1.18550214681693,0.803642696626066,1.47516072975468,0.140260985091471,"usdgbp_to_gold"
0.05,0.25,-0.410929426715449,1.00941798289393,-0.407095409116194,0.683963280464993,"usdgbp_to_gold"
0.05,0.3,0.539628350630457,1.51998713410588,0.355021656777305,0.722595162849047,"usdgbp_to_gold"
0.05,0.35,2.41122394185583,1.28373065721532,1.87829427326001,0.0604255559235854,"usdgbp_to_gold"
0.05,0.4,2.33119548321331,1.12338410342945,2.07515441610458,0.038046490685372,"usdgbp_to_gold"
0.05,0.45,0.433881219985962,1.41381899362801,0.306885974754502,0.758948766465616,"usdgbp_to_gold"
0.05,0.5,-0.780464816419941,1.69289854610452,-0.461022793253527,0.644811439921783,"usdgbp_to_gold"
0.05,0.55,0.244653622338217,1.17847125295774,0.207602537375589,0.835551629542397,"usdgbp_to_gold"
0.05,0.6,0.0267875591953763,1.02890770758713,0.0260349485166122,0.979230975318058,"usdgbp_to_gold"
0.05,0.65,-0.956993048366329,1.18214421638888,-0.809540016436976,0.418260667104264,"usdgbp_to_gold"
0.05,0.7,-2.02809266899204,1.49869201437612,-1.35324179320212,0.176067445444203,"usdgbp_to_gold"
0.05,0.75,-0.87049684843265,1.34076074949537,-0.649255915912128,0.516216382904465,"usdgbp_to_gold"
0.05,0.8,0.898767501967378,0.970454479413278,0.926130510017079,0.354443221576219,"usdgbp_to_gold"
0.05,0.85,-0.759977616877889,0.6842843154959,-1.11061674170792,0.266811088918426,"usdgbp_to_gold"
0.05,0.9,-1.0501989022341,0.681825128361872,-1.54027603053773,0.12358519333522,"usdgbp_to_gold"
0.05,0.95,0.136477690088096,0.344169420722945,0.396542173332594,0.691729734726397,"usdgbp_to_gold"
0.1,0.05,0.492182315404892,0.194642587244232,2.52864659462893,0.0114947482426249,"usdgbp_to_gold"
0.1,0.1,0.850458583195821,0.302812188451123,2.80853484645349,0.00500486802044686,"usdgbp_to_gold"
0.1,0.15,1.40199877402763,0.40560274117116,3.4565811118027,0.000553711723171447,"usdgbp_to_gold"
0.1,0.2,1.29269235792489,0.597892687853609,2.16208089542885,0.0306807752948941,"usdgbp_to_gold"
0.1,0.25,0.571299486763543,0.691212828332549,0.826517482526649,0.408568010837815,"usdgbp_to_gold"
0.1,0.3,-0.0271854713914815,0.718690079924022,-0.037826418022015,0.969828278983192,"usdgbp_to_gold"
0.1,0.35,0.671127860173561,1.16502602641189,0.576062547066469,0.564610645040207,"usdgbp_to_gold"
0.1,0.4,1.26679672864919,1.05556122338419,1.20011677256177,0.230176754158579,"usdgbp_to_gold"
0.1,0.45,0.469233359971522,1.08728915676464,0.431562622557352,0.6660864131717,"usdgbp_to_gold"
0.1,0.5,-0.506029307015924,1.03758831158957,-0.487697578474739,0.625795191839429,"usdgbp_to_gold"
0.1,0.55,-0.111437241208406,0.923578117758595,-0.120658165309124,0.903968852907338,"usdgbp_to_gold"
0.1,0.6,-0.444521787553495,0.877515807006054,-0.506568410511184,0.61249019038563,"usdgbp_to_gold"
0.1,0.65,-0.118858240377298,0.717433332940015,-0.165671477641304,0.868425242916674,"usdgbp_to_gold"
0.1,0.7,-0.68955553922387,0.943962972058331,-0.730490029413208,0.465140523335035,"usdgbp_to_gold"
0.1,0.75,-0.536967318616311,0.803315039739736,-0.668439269841482,0.503898149323447,"usdgbp_to_gold"
0.1,0.8,0.418433259461623,0.571975285621059,0.731558285787264,0.464488119513533,"usdgbp_to_gold"
0.1,0.85,-0.242276261688907,0.593763896337045,-0.408034680423515,0.683273644822987,"usdgbp_to_gold"
0.1,0.9,-0.128764699898402,0.335862264202155,-0.383385433919719,0.70145772713595,"usdgbp_to_gold"
0.1,0.95,-0.0239772914351641,0.27554608619853,-0.0870173543959848,0.930662789570954,"usdgbp_to_gold"
0.15,0.05,0.58676343611561,0.209823832268436,2.79645753188293,0.00519535993807913,"usdgbp_to_gold"
0.15,0.1,0.61825249661229,0.231606150642208,2.66941311747538,0.0076341481760774,"usdgbp_to_gold"
0.15,0.15,0.827428465788831,0.494270614449572,1.67403936548052,0.0942139034536461,"usdgbp_to_gold"
0.15,0.2,1.15012478191745,0.514939546274082,2.23351418674161,0.0255792001833747,"usdgbp_to_gold"
0.15,0.25,0.711025857842635,0.634156304246921,1.121215468617,0.262274532910022,"usdgbp_to_gold"
0.15,0.3,-0.405835341099752,0.711455159584418,-0.570429964042726,0.568423420940388,"usdgbp_to_gold"
0.15,0.35,0.246951792070007,0.814619818921753,0.303149747076958,0.761794101831339,"usdgbp_to_gold"
0.15,0.4,0.624533324946789,0.939991331312052,0.66440328133139,0.506476829734769,"usdgbp_to_gold"
0.15,0.45,-0.218944448850745,1.11409819355971,-0.19652168015028,0.844213490878731,"usdgbp_to_gold"
0.15,0.5,0.11129957128751,1.15440145557091,0.0964132284747227,0.923198010634905,"usdgbp_to_gold"
0.15,0.55,0.900589804361712,0.989169040323343,0.910450860923957,0.36264866712506,"usdgbp_to_gold"
0.15,0.6,0.231493119954954,0.77041560833621,0.300478232073838,0.763830581832358,"usdgbp_to_gold"
0.15,0.65,-0.41474889424062,0.706993706488507,-0.586637321427644,0.557485860982232,"usdgbp_to_gold"
0.15,0.7,0.131012004727347,0.783075569600767,0.167304420943869,0.867140373932498,"usdgbp_to_gold"
0.15,0.75,0.237853022878061,0.573520262095004,0.414724707387339,0.678369341507278,"usdgbp_to_gold"
0.15,0.8,0.382786941818918,0.472626428249344,0.809914382563834,0.418045486667208,"usdgbp_to_gold"
0.15,0.85,-0.0830855005791687,0.347635016430872,-0.239002104656193,0.811118208789814,"usdgbp_to_gold"
0.15,0.9,-0.170711172119172,0.222120473814835,-0.768552169853018,0.442212043591154,"usdgbp_to_gold"
0.15,0.95,-0.11044044996327,0.218408695512307,-0.505659583306504,0.6131280910839,"usdgbp_to_gold"
0.2,0.05,0.73678864639397,0.243412470739781,3.02691412709758,0.00248897539805038,"usdgbp_to_gold"
0.2,0.1,0.694924169816486,0.233518617323159,2.97588336973922,0.00294183120559224,"usdgbp_to_gold"
0.2,0.15,0.55465346395216,0.284676633620611,1.94836315470607,0.0514528535699998,"usdgbp_to_gold"
0.2,0.2,0.331577237160302,0.419888635410014,0.789678998662401,0.429769765171363,"usdgbp_to_gold"
0.2,0.25,0.460027527416381,0.537046799839443,0.8565874101734,0.391732697860479,"usdgbp_to_gold"
0.2,0.3,0.54847424374862,0.473482431975087,1.15838351480267,0.246788092422457,"usdgbp_to_gold"
0.2,0.35,0.341440605017734,0.655762025992631,0.520677610907545,0.602624933059572,"usdgbp_to_gold"
0.2,0.4,-0.0298455353934332,0.718503439779379,-0.0415384725264467,0.966869036805198,"usdgbp_to_gold"
0.2,0.45,-0.0880904200057327,0.694734271358374,-0.126797285865133,0.89910826531641,"usdgbp_to_gold"
0.2,0.5,-0.0879749760863937,0.761994059253824,-0.115453624628704,0.908092325186198,"usdgbp_to_gold"
0.2,0.55,-0.0182191770470357,0.846459219813466,-0.0215239867681407,0.982828919365795,"usdgbp_to_gold"
0.2,0.6,-0.178780818038533,0.71771404310863,-0.249097561563907,0.803300208438862,"usdgbp_to_gold"
0.2,0.65,-0.305735426041175,0.557547495122395,-0.548357635386844,0.583481994741052,"usdgbp_to_gold"
0.2,0.7,0.247748998034917,0.631407119169492,0.392375997218384,0.694804762708768,"usdgbp_to_gold"
0.2,0.75,0.295634834129467,0.451319694704015,0.655045276327573,0.512482465417709,"usdgbp_to_gold"
0.2,0.8,0.574401433618611,0.310946876707847,1.84726548695421,0.0647946106176867,"usdgbp_to_gold"
0.2,0.85,0.198192863597323,0.229499178376335,0.863588553996149,0.387874248579368,"usdgbp_to_gold"
0.2,0.9,-0.0593673719718248,0.161327408097792,-0.367993093497404,0.712901057877329,"usdgbp_to_gold"
0.2,0.95,-0.0335930293453372,0.186693342128406,-0.179936943451536,0.857212685503141,"usdgbp_to_gold"
0.25,0.05,0.815483936215313,0.264791704972167,3.07971858975352,0.0020883456322061,"usdgbp_to_gold"
0.25,0.1,0.550825863602042,0.24192634990218,2.27683286183899,0.022857448784176,"usdgbp_to_gold"
0.25,0.15,0.366128295467011,0.271757750014873,1.34725981300247,0.177985433313403,"usdgbp_to_gold"
0.25,0.2,0.587871134731595,0.367033201671916,1.60168380422729,0.109317498637947,"usdgbp_to_gold"
0.25,0.25,0.718923149011591,0.462828067584648,1.5533266008767,0.120437251913955,"usdgbp_to_gold"
0.25,0.3,0.200387421522413,0.472015600709403,0.424535589970429,0.671201843113722,"usdgbp_to_gold"
0.25,0.35,0.048407873312149,0.586426091493763,0.0825472706864781,0.934216339603402,"usdgbp_to_gold"
0.25,0.4,0.322421732961615,0.698112072325491,0.461848098239573,0.64421950315585,"usdgbp_to_gold"
0.25,0.45,0.197749785480615,0.845236343660187,0.233957977509917,0.815031544659672,"usdgbp_to_gold"
0.25,0.5,-0.146795127590379,0.776334034876441,-0.189087584719563,0.850035342940377,"usdgbp_to_gold"
0.25,0.55,0.373814168010947,0.846176351469423,0.441768630571869,0.658684449104729,"usdgbp_to_gold"
0.25,0.6,-0.150958830028422,0.694521459023921,-0.21735661017671,0.827943352082854,"usdgbp_to_gold"
0.25,0.65,-0.510368315028494,0.614056453225767,-0.831142336095358,0.405950993767989,"usdgbp_to_gold"
0.25,0.7,0.168749363924987,0.563229924982078,0.299610081851309,0.76449272039513,"usdgbp_to_gold"
0.25,0.75,0.529003139027439,0.380112747775538,1.39170059968581,0.16410319000081,"usdgbp_to_gold"
0.25,0.8,0.405781310032216,0.301422333080208,1.34622178086664,0.178319833331088,"usdgbp_to_gold"
0.25,0.85,0.065724960634011,0.183088741785213,0.358978711597215,0.719633077946925,"usdgbp_to_gold"
0.25,0.9,-0.0403422970966176,0.12084078696123,-0.333846692918019,0.738515625456492,"usdgbp_to_gold"
0.25,0.95,0.0234481166640488,0.132723347684303,0.176669117176148,0.859778715389387,"usdgbp_to_gold"
0.3,0.05,0.557654812712793,0.313143561247878,1.7808279706935,0.0750289092776877,"usdgbp_to_gold"
0.3,0.1,0.439960817111751,0.215266057111474,2.04380023035364,0.0410494072973859,"usdgbp_to_gold"
0.3,0.15,0.34749415940478,0.237416649949292,1.46364696612053,0.143381932334995,"usdgbp_to_gold"
0.3,0.2,0.619718618510036,0.353169986883785,1.75473183318367,0.0793943371362763,"usdgbp_to_gold"
0.3,0.25,0.843825244415407,0.387768325302699,2.17610668369238,0.0296152103099829,"usdgbp_to_gold"
0.3,0.3,0.172262408448007,0.431043354710406,0.399640561826411,0.689446123507133,"usdgbp_to_gold"
0.3,0.35,-0.298330623664026,0.521793475618681,-0.571740808583896,0.567534992836009,"usdgbp_to_gold"
0.3,0.4,0.0443337050595734,0.759848482017219,0.0583454545330904,0.953476855437471,"usdgbp_to_gold"
0.3,0.45,0.486769488520568,0.792390473330567,0.614305074207397,0.539054433874994,"usdgbp_to_gold"
0.3,0.5,0.173846828111814,0.59403695172283,0.292653222341846,0.769804904113351,"usdgbp_to_gold"
0.3,0.55,-0.235814181964932,0.87440654570921,-0.269684831526128,0.78741893008777,"usdgbp_to_gold"
0.3,0.6,-0.435842526007642,0.60111667828456,-0.725054788450438,0.468467806579505,"usdgbp_to_gold"
0.3,0.65,-0.424336267884309,0.557211506502792,-0.761535364816057,0.446389642955556,"usdgbp_to_gold"
0.3,0.7,0.0427981040143368,0.499963074991314,0.0856025297769847,0.93178737625955,"usdgbp_to_gold"
0.3,0.75,0.430021917824809,0.425870177345011,1.00974884061072,0.312686757168104,"usdgbp_to_gold"
0.3,0.8,0.290652919626018,0.314737562632437,0.923477061952892,0.355823511415003,"usdgbp_to_gold"
0.3,0.85,0.014815425246856,0.173274115046128,0.0855028187153744,0.931866637702667,"usdgbp_to_gold"
0.3,0.9,-0.0703781857190693,0.108639333067382,-0.647814964727539,0.517147930312466,"usdgbp_to_gold"
0.3,0.95,0.0266688509915178,0.124164823000882,0.214785881757577,0.829947010796545,"usdgbp_to_gold"
0.35,0.05,0.379935183194941,0.260851814102457,1.45651731233777,0.145341064159992,"usdgbp_to_gold"
0.35,0.1,0.379639627159922,0.212420499064619,1.78720805586863,0.0739920102012692,"usdgbp_to_gold"
0.35,0.15,0.379133717809938,0.210718728956516,1.79924072097159,0.072068346261087,"usdgbp_to_gold"
0.35,0.2,0.722604271911369,0.278538462866877,2.59427105496998,0.00951945227718571,"usdgbp_to_gold"
0.35,0.25,0.921282950514614,0.323382864467813,2.84889229375451,0.00441327471949807,"usdgbp_to_gold"
0.35,0.3,0.308805691117621,0.306765622703404,1.00665025108172,0.314173781418696,"usdgbp_to_gold"
0.35,0.35,-0.622595217663386,0.449300713276287,-1.3856982623585,0.165929017109633,"usdgbp_to_gold"
0.35,0.4,0.020146004978381,0.640184332888225,0.0314690690531136,0.974897287494895,"usdgbp_to_gold"
0.35,0.45,0.518636568976692,0.653753149562176,0.793321713744749,0.427645202587331,"usdgbp_to_gold"
0.35,0.5,-0.348342414231684,0.494999730818212,-0.703722431638276,0.4816533460909,"usdgbp_to_gold"
0.35,0.55,-0.4365900801544,0.501849090309383,-0.869962880445292,0.38438147712984,"usdgbp_to_gold"
0.35,0.6,-0.382933928523182,0.478914877171648,-0.799586621289977,0.424005629335671,"usdgbp_to_gold"
0.35,0.65,-0.267736050580101,0.460582358473222,-0.581298969998799,0.561077114814062,"usdgbp_to_gold"
0.35,0.7,0.180042175549334,0.356077633749599,0.505626185091827,0.613151538692062,"usdgbp_to_gold"
0.35,0.75,0.301464081652982,0.30272846702631,0.995823368097002,0.31940611694362,"usdgbp_to_gold"
0.35,0.8,0.165015852030276,0.242977401159497,0.679140740014562,0.49709444763986,"usdgbp_to_gold"
0.35,0.85,-0.0466767185627957,0.169465334088603,-0.275435202213045,0.782998468959394,"usdgbp_to_gold"
0.35,0.9,-0.137248728111333,0.115785977287096,-1.18536571808708,0.235954875815254,"usdgbp_to_gold"
0.35,0.95,0.0270079985754823,0.128217644540185,0.210641824472276,0.833179267242926,"usdgbp_to_gold"
0.4,0.05,0.255791256630292,0.244501894296918,1.04617290334636,0.295554820951632,"usdgbp_to_gold"
0.4,0.1,0.254397601430486,0.184596138341376,1.37813067876873,0.168252704859579,"usdgbp_to_gold"
0.4,0.15,0.476669007849624,0.183907082839081,2.59190130413145,0.00958514169763123,"usdgbp_to_gold"
0.4,0.2,0.627336726665474,0.210886314407316,2.97476262709872,0.00295257165063492,"usdgbp_to_gold"
0.4,0.25,0.685652794756618,0.246156192281513,2.78543793028973,0.00537486135604347,"usdgbp_to_gold"
0.4,0.3,0.0911819546871881,0.240296133640664,0.379456603423925,0.704372280193355,"usdgbp_to_gold"
0.4,0.35,-0.209434513724074,0.252659237082634,-0.828920866469555,0.407206781199063,"usdgbp_to_gold"
0.4,0.4,0.092759379951754,0.344231052305445,0.269468368209404,0.787585466003365,"usdgbp_to_gold"
0.4,0.45,0.352115731901874,0.451464656604198,0.779940858605407,0.4354794232443,"usdgbp_to_gold"
0.4,0.5,-0.0840985248099657,0.378060392244457,-0.222447329937665,0.823978895627912,"usdgbp_to_gold"
0.4,0.55,-0.510966787716792,0.397007222686027,-1.28704657879962,0.19816477380372,"usdgbp_to_gold"
0.4,0.6,-0.425135958692188,0.37802488907099,-1.12462425354313,0.260826871304475,"usdgbp_to_gold"
0.4,0.65,-0.228904999998727,0.391064824510953,-0.585337738532184,0.558359093943285,"usdgbp_to_gold"
0.4,0.7,0.197513504222264,0.304478767140131,0.648693851717292,0.516579643087758,"usdgbp_to_gold"
0.4,0.75,0.205131898503266,0.242722943590129,0.845127763651627,0.398098369073557,"usdgbp_to_gold"
0.4,0.8,0.225978102974954,0.17687831099918,1.27759080069462,0.201480083638425,"usdgbp_to_gold"
0.4,0.85,0.0395918673220667,0.142955069696853,0.276953223177213,0.781832688288978,"usdgbp_to_gold"
0.4,0.9,-0.1341812684305,0.116174923660235,-1.15499338586118,0.2481734737594,"usdgbp_to_gold"
0.4,0.95,0.0111940639799606,0.129398157962238,0.0865086810835998,0.931067097521842,"usdgbp_to_gold"
0.45,0.05,0.148755971909906,0.176321908833817,0.843661306151739,0.398917441820273,"usdgbp_to_gold"
0.45,0.1,0.178055968493422,0.1306348045161,1.36300558762253,0.172970087567868,"usdgbp_to_gold"
0.45,0.15,0.484809475891139,0.158305094546108,3.06250078231016,0.00221196078463017,"usdgbp_to_gold"
0.45,0.2,0.539187472121025,0.183127565844728,2.9443271941822,0.00325828398350163,"usdgbp_to_gold"
0.45,0.25,0.538595010876264,0.252000597921199,2.13727671806828,0.0326459118605642,"usdgbp_to_gold"
0.45,0.3,0.294801812861543,0.262068755357713,1.12490255642703,0.260708924716214,"usdgbp_to_gold"
0.45,0.35,-0.195583583369873,0.220440475719137,-0.887239889733616,0.375011876005849,"usdgbp_to_gold"
0.45,0.4,-0.0892959424615589,0.287066162711224,-0.311063977788934,0.755770860120051,"usdgbp_to_gold"
0.45,0.45,-5.44901564776018e-19,0.323170682378423,-1.68611075969433e-18,1,"usdgbp_to_gold"
0.45,0.5,0.0306471791911504,0.28026983703412,0.109348831524169,0.912932204114201,"usdgbp_to_gold"
0.45,0.55,0,0.270206635373602,0,1,"usdgbp_to_gold"
0.45,0.6,0,0.236905060630374,0,1,"usdgbp_to_gold"
0.45,0.65,-0.12014775298675,0.273224454525502,-0.439740114754391,0.660153009197282,"usdgbp_to_gold"
0.45,0.7,0.112952175687923,0.257145016291197,0.439254772723317,0.660504570928743,"usdgbp_to_gold"
0.45,0.75,0.21350525377285,0.257658832513811,0.828635493259896,0.407368269293738,"usdgbp_to_gold"
0.45,0.8,0.17754231457652,0.173617573996647,1.02260566421662,0.306566341668904,"usdgbp_to_gold"
0.45,0.85,0.00829121546781109,0.126340343809808,0.065626032174589,0.947679382063739,"usdgbp_to_gold"
0.45,0.9,-0.0773553709769705,0.102793502974337,-0.752531713957471,0.451782930701471,"usdgbp_to_gold"
0.45,0.95,0.00913586213109623,0.114850542034749,0.0795456596829302,0.936603249077509,"usdgbp_to_gold"
0.5,0.05,0.0784764760767013,0.138502870418674,0.566605412866016,0.571019314905609,"usdgbp_to_gold"
0.5,0.1,0.0679216656365627,0.100452350248378,0.676158053730149,0.49898582278453,"usdgbp_to_gold"
0.5,0.15,0.260628670031105,0.137813114908634,1.89117465492231,0.0586850988261981,"usdgbp_to_gold"
0.5,0.2,0.435711331395685,0.194562865910505,2.23943726032543,0.0251912285669025,"usdgbp_to_gold"
0.5,0.25,0.709868746241819,0.222692838838532,3.18765861508696,0.00144717373278178,"usdgbp_to_gold"
0.5,0.3,0.629748079018949,0.276535129575927,2.27728057547221,0.0228306864201874,"usdgbp_to_gold"
0.5,0.35,-0.0164570083920574,0.368604983584047,-0.0446467332916702,0.964391487125806,"usdgbp_to_gold"
0.5,0.4,-0.523532162671875,0.382504750219261,-1.3686945387522,0.171184278700888,"usdgbp_to_gold"
0.5,0.45,-0.13196623789182,0.538153087704423,-0.245220627562953,0.806300254028333,"usdgbp_to_gold"
0.5,0.5,0.178631572426005,0.405256504443896,0.440786441345656,0.659395348770961,"usdgbp_to_gold"
0.5,0.55,0.202511637978778,0.39824488616432,0.508510328730799,0.611128153571326,"usdgbp_to_gold"
0.5,0.6,0.017625597713176,0.33799930363874,0.0521468462314186,0.958414717999705,"usdgbp_to_gold"
0.5,0.65,-0.0762926411565294,0.290977124587805,-0.262194635625067,0.793187110889788,"usdgbp_to_gold"
0.5,0.7,-0.0156941051760411,0.329327849714782,-0.0476549590009868,0.961994001168815,"usdgbp_to_gold"
0.5,0.75,0.227661375572205,0.295957254240725,0.769237355429141,0.441805307160983,"usdgbp_to_gold"
0.5,0.8,0.171498069262648,0.251001659989852,0.68325472138145,0.494491980988673,"usdgbp_to_gold"
0.5,0.85,-0.0785236786388466,0.165928724699499,-0.473237402270493,0.636073887192899,"usdgbp_to_gold"
0.5,0.9,-0.122846923116389,0.102169772736224,-1.20238031099029,0.229299090905974,"usdgbp_to_gold"
0.5,0.95,0.0139640618561591,0.105209461635719,0.132726293235003,0.894417621988786,"usdgbp_to_gold"
0.55,0.05,0.0887595029377653,0.110451038892991,0.80360948912177,0.42167814623809,"usdgbp_to_gold"
0.55,0.1,0.08394522740453,0.0839705582867509,0.999698336146172,0.317526933861887,"usdgbp_to_gold"
0.55,0.15,0.120870035736192,0.107804965179369,1.12119173300678,0.262284632507883,"usdgbp_to_gold"
0.55,0.2,0.337069951619861,0.156400144335722,2.15517672986492,0.031217285281605,"usdgbp_to_gold"
0.55,0.25,0.861709515750936,0.223895183537227,3.84871841429166,0.000120897428181705,"usdgbp_to_gold"
0.55,0.3,0.803560925940866,0.315803143639552,2.54449945203214,0.010986855707294,"usdgbp_to_gold"
0.55,0.35,0.0290423926189213,0.420794292672093,0.0690180288199697,0.944979286051086,"usdgbp_to_gold"
0.55,0.4,-0.529362358727697,0.532831261547153,-0.993489678497122,0.320541355527284,"usdgbp_to_gold"
0.55,0.45,-0.424645352148639,0.500731378556383,-0.848050212816498,0.39646909527201,"usdgbp_to_gold"
0.55,0.5,-0.0137162945923357,0.583901395980773,-0.0234907720494427,0.981260163733532,"usdgbp_to_gold"
0.55,0.55,0.225987206945154,0.609377768000387,0.370849116610717,0.710772784083983,"usdgbp_to_gold"
0.55,0.6,0.119809299435012,0.538297631505139,0.222570734892539,0.8238828479256,"usdgbp_to_gold"
0.55,0.65,-0.0830744925627911,0.573450439924793,-0.144867780681598,0.884823764409186,"usdgbp_to_gold"
0.55,0.7,0.305850353156719,0.465069627347277,0.657644221793772,0.510810837306236,"usdgbp_to_gold"
0.55,0.75,0.0682201357109847,0.389464893679627,0.17516376140208,0.860961282164158,"usdgbp_to_gold"
0.55,0.8,-0.000300845546647319,0.280372293553343,-0.00107302166998923,0.999143915048751,"usdgbp_to_gold"
0.55,0.85,-0.20545139896425,0.203153492398474,-1.01131118416251,0.311938744491168,"usdgbp_to_gold"
0.55,0.9,-0.0774414624965824,0.133132301771332,-0.581688001080278,0.560815025098305,"usdgbp_to_gold"
0.55,0.95,0.0215584094121906,0.134886244989293,0.159826596210027,0.873027069745443,"usdgbp_to_gold"
0.6,0.05,0.0893563104868637,0.156683787694455,0.570297104772032,0.568513503753238,"usdgbp_to_gold"
0.6,0.1,0.0175627501409871,0.119265035488316,0.147258163879116,0.882936895011029,"usdgbp_to_gold"
0.6,0.15,0.149277028367018,0.142426532693084,1.04809845149216,0.294666988379571,"usdgbp_to_gold"
0.6,0.2,0.370564945693388,0.213161664339663,1.73842208842445,0.0822260699915135,"usdgbp_to_gold"
0.6,0.25,1.04609838849006,0.303324244533154,3.44877934205393,0.000569901105671162,"usdgbp_to_gold"
0.6,0.3,1.07746936850912,0.371380474172527,2.90125476012121,0.00374034082039562,"usdgbp_to_gold"
0.6,0.35,0.00722615704977767,0.462159124640867,0.0156356472576257,0.987525974798493,"usdgbp_to_gold"
0.6,0.4,-0.726339937810502,0.553420450545886,-1.31245590417566,0.189454041838321,"usdgbp_to_gold"
0.6,0.45,-0.739837071674247,0.590934990192835,-1.2519770938472,0.210663452154785,"usdgbp_to_gold"
0.6,0.5,0.0729248530649304,0.688646364501601,0.105895938502062,0.915671099917575,"usdgbp_to_gold"
0.6,0.55,0.610661266862121,0.56669085241951,1.07759153735212,0.281291749488386,"usdgbp_to_gold"
0.6,0.6,0.203693825011649,0.721963702591213,0.282138595445405,0.77785423715065,"usdgbp_to_gold"
0.6,0.65,-0.0316335518011458,0.546437469380218,-0.0578905246688616,0.953839197894992,"usdgbp_to_gold"
0.6,0.7,-0.0102701899084956,0.423102639515982,-0.0242735188800627,0.980635845710171,"usdgbp_to_gold"
0.6,0.75,0.14111704345811,0.350303763903973,0.40284192749009,0.687089584119358,"usdgbp_to_gold"
0.6,0.8,-0.142350569470249,0.281714756341805,-0.505300365940132,0.613380304622449,"usdgbp_to_gold"
0.6,0.85,-0.172219983369951,0.21493165247086,-0.80127790109137,0.423026202691844,"usdgbp_to_gold"
0.6,0.9,-0.0343294384495127,0.150244754016563,-0.228490097203182,0.819278854758562,"usdgbp_to_gold"
0.6,0.95,0.0697175904400637,0.146369666606996,0.476311739011171,0.633882597683693,"usdgbp_to_gold"
0.65,0.05,0.0391338411720447,0.188510440402645,0.20759508644963,0.835557447326263,"usdgbp_to_gold"
0.65,0.1,0.0797648841657791,0.141381950796021,0.56418010726744,0.57266839837122,"usdgbp_to_gold"
0.65,0.15,0.237078657524921,0.156443006054665,1.51543148846219,0.129755178646646,"usdgbp_to_gold"
0.65,0.2,0.481980265128001,0.254424440153678,1.89439451979092,0.0582565832053038,"usdgbp_to_gold"
0.65,0.25,1.02540159938799,0.308580232430085,3.32296593113857,0.000899985860811583,"usdgbp_to_gold"
0.65,0.3,1.01030054718693,0.446219674400686,2.26413267981483,0.0236280505464021,"usdgbp_to_gold"
0.65,0.35,-0.470349933593955,0.532157326109081,-0.883855037819293,0.376836327484833,"usdgbp_to_gold"
0.65,0.4,-0.831302903037731,0.529554830129171,-1.56981459849013,0.116550354602373,"usdgbp_to_gold"
0.65,0.45,-0.403082323263451,0.758848355215146,-0.531176381279986,0.595330901690381,"usdgbp_to_gold"
0.65,0.5,0.477795035924406,0.669216982378273,0.713961313752695,0.475299610131015,"usdgbp_to_gold"
0.65,0.55,0.405894577683691,0.692608103913108,0.586037869598206,0.557888569955728,"usdgbp_to_gold"
0.65,0.6,-0.423729587900292,0.637844410895148,-0.664314965628738,0.506533334060909,"usdgbp_to_gold"
0.65,0.65,-0.187792500748948,0.415305719064277,-0.452178942230948,0.651168629226331,"usdgbp_to_gold"
0.65,0.7,0.0608441058427962,0.418840368166673,0.145268007735548,0.884507795915984,"usdgbp_to_gold"
0.65,0.75,0.124282747692514,0.379333472582453,0.327634539726782,0.74320796958189,"usdgbp_to_gold"
0.65,0.8,0.0625072739388925,0.279922313100162,0.223302219986037,0.823313577664398,"usdgbp_to_gold"
0.65,0.85,-0.261002750454012,0.232975809325335,-1.12029979082308,0.262664352324409,"usdgbp_to_gold"
0.65,0.9,-0.0237343673756577,0.147512919863278,-0.160896871932681,0.872184087613757,"usdgbp_to_gold"
0.65,0.95,0.159828446539262,0.159739496335411,1.00055684540074,0.317111579119788,"usdgbp_to_gold"
0.7,0.05,-0.0124053309882956,0.296366197134165,-0.0418581171140774,0.966614237562633,"usdgbp_to_gold"
0.7,0.1,0.103629274088285,0.151506817865707,0.68399082990536,0.494027095443012,"usdgbp_to_gold"
0.7,0.15,0.310987823142321,0.165205362447207,1.88243177179978,0.0598618703301605,"usdgbp_to_gold"
0.7,0.2,0.625669967863247,0.262184071181121,2.38637673541587,0.0170691439616311,"usdgbp_to_gold"
0.7,0.25,1.17171284889017,0.344942649365899,3.39683379554285,0.000689452501203715,"usdgbp_to_gold"
0.7,0.3,0.857365223995522,0.506220123559144,1.69366088800963,0.0904204039237529,"usdgbp_to_gold"
0.7,0.35,0.0602785445595022,0.536415564033,0.112372847846365,0.910534349310852,"usdgbp_to_gold"
0.7,0.4,-0.56295363956446,0.69749406605567,-0.807108858643004,0.419659649559571,"usdgbp_to_gold"
0.7,0.45,-0.0497069119641325,0.824120001058071,-0.0603151384510931,0.951908153894212,"usdgbp_to_gold"
0.7,0.5,0.468852586133784,0.674010036718309,0.695616623776975,0.486716009745784,"usdgbp_to_gold"
0.7,0.55,0.241197377099719,0.67300600692816,0.358388149016128,0.720074882254419,"usdgbp_to_gold"
0.7,0.6,-0.245066393404559,0.656916548505122,-0.373055594294635,0.709130085929343,"usdgbp_to_gold"
0.7,0.65,-0.263306036639409,0.499223410757134,-0.527431268177253,0.597928197752996,"usdgbp_to_gold"
0.7,0.7,-0.195359304553243,0.442503115494265,-0.441486845431657,0.658888371107459,"usdgbp_to_gold"
0.7,0.75,-0.0235928601393206,0.349324490863855,-0.0675385229388786,0.94615692589794,"usdgbp_to_gold"
0.7,0.8,0.0508763379374598,0.303233937822472,0.167779168462487,0.866766888191942,"usdgbp_to_gold"
0.7,0.85,-0.07590674475314,0.20215291359859,-0.375491717640372,0.707317989739492,"usdgbp_to_gold"
0.7,0.9,0.0491764826524659,0.151423087309892,0.324762118684219,0.745380893012117,"usdgbp_to_gold"
0.7,0.95,0.144588586408915,0.171305169796943,0.844040997596884,0.39870527227919,"usdgbp_to_gold"
0.75,0.05,-0.485460383067295,0.349223736174486,-1.39011279240406,0.164584699179499,"usdgbp_to_gold"
0.75,0.1,-0.0311046547058156,0.246992723779523,-0.125933485933703,0.899791945750306,"usdgbp_to_gold"
0.75,0.15,0.470485779120027,0.212830007099298,2.21061769217776,0.0271279863064377,"usdgbp_to_gold"
0.75,0.2,0.760409599162614,0.295855736986817,2.57020400181219,0.0102056447183387,"usdgbp_to_gold"
0.75,0.25,1.05719717946893,0.392975421333363,2.690237409459,0.00717466836810801,"usdgbp_to_gold"
0.75,0.3,0.860343930563367,0.490780130300817,1.75301296333254,0.0796889802720382,"usdgbp_to_gold"
0.75,0.35,-0.165414892038066,0.588995474310007,-0.28084238207746,0.778848208892461,"usdgbp_to_gold"
0.75,0.4,-0.664296327428305,0.612437833056957,-1.08467552390175,0.278141513117636,"usdgbp_to_gold"
0.75,0.45,-0.149948997700849,0.732121759285735,-0.20481428915204,0.837729357399696,"usdgbp_to_gold"
0.75,0.5,0.50045017682731,0.701154548921238,0.713751593849427,0.475429288580584,"usdgbp_to_gold"
0.75,0.55,-0.0582608533661878,0.732436534056066,-0.0795438930982217,0.936604654052359,"usdgbp_to_gold"
0.75,0.6,-0.638520905932347,0.602909647085727,-1.05906566434747,0.289644341179854,"usdgbp_to_gold"
0.75,0.65,-0.469169831073525,0.550469771316826,-0.852308074885173,0.394102544889443,"usdgbp_to_gold"
0.75,0.7,0.0101667739514962,0.539791576069081,0.0188346287756723,0.984974122834217,"usdgbp_to_gold"
0.75,0.75,0.0731754255988609,0.390254275233155,0.187507044106417,0.851274175815576,"usdgbp_to_gold"
0.75,0.8,-0.102097027521562,0.318065862708972,-0.320993352295024,0.748234956224819,"usdgbp_to_gold"
0.75,0.85,-0.129235256235342,0.278015029174158,-0.464849891817845,0.642068420016691,"usdgbp_to_gold"
0.75,0.9,0.0899641312656965,0.159251043987996,0.56492019777577,0.572164935028942,"usdgbp_to_gold"
0.75,0.95,0.230503153322124,0.187241009516812,1.23105057976857,0.218388229274713,"usdgbp_to_gold"
0.8,0.05,-0.711847245374005,0.267943282460858,-2.65670868415219,0.00792726185868186,"usdgbp_to_gold"
0.8,0.1,-0.0540208418939437,0.260078572090893,-0.207709698879246,0.835467957385373,"usdgbp_to_gold"
0.8,0.15,0.303985792704548,0.241218611402901,1.26020870005262,0.207679688456116,"usdgbp_to_gold"
0.8,0.2,0.528377665212254,0.335854219651785,1.57323515470515,0.115756473140099,"usdgbp_to_gold"
0.8,0.25,0.899669114338106,0.388646201420011,2.3148794740588,0.0206781993809656,"usdgbp_to_gold"
0.8,0.3,0.563725863272642,0.529164960071028,1.06531215369395,0.286809569317039,"usdgbp_to_gold"
0.8,0.35,-0.116376540478571,0.618058388354438,-0.188293764264603,0.850657495897733,"usdgbp_to_gold"
0.8,0.4,-0.324395332538454,0.721525548272693,-0.44959646032638,0.653029808151449,"usdgbp_to_gold"
0.8,0.45,0.339053993087255,0.743941398656314,0.455753630191364,0.648595960609625,"usdgbp_to_gold"
0.8,0.5,0.727451298343399,0.80869740601625,0.899534600867486,0.368431028177283,"usdgbp_to_gold"
0.8,0.55,-0.674934622034419,0.734024720546304,-0.919498489822105,0.357899459139436,"usdgbp_to_gold"
0.8,0.6,-0.976852382984888,0.529036419533054,-1.84647473579814,0.0649092744438637,"usdgbp_to_gold"
0.8,0.65,-0.313378822227705,0.569920281438266,-0.54986430985901,0.582448194067399,"usdgbp_to_gold"
0.8,0.7,0.367051217567067,0.530411961495739,0.692011576307591,0.488976831422069,"usdgbp_to_gold"
0.8,0.75,0.337983157690146,0.486144846936009,0.695231390027744,0.486957330145626,"usdgbp_to_gold"
0.8,0.8,-0.216348854162705,0.407304596253308,-0.531172140341267,0.595333839934563,"usdgbp_to_gold"
0.8,0.85,-0.239142606813073,0.246482028302261,-0.970223299687442,0.332003509576146,"usdgbp_to_gold"
0.8,0.9,0.0307630539047843,0.209940063445356,0.146532555053702,0.883509590806036,"usdgbp_to_gold"
0.8,0.95,0.349961270347404,0.249572333115635,1.402243854431,0.16093280205547,"usdgbp_to_gold"
0.85,0.05,-0.679273983849437,0.191591637219742,-3.54542606194424,0.000397209019781619,"usdgbp_to_gold"
0.85,0.1,-0.3173895391308,0.210008849006842,-1.51131507377796,0.130800180153379,"usdgbp_to_gold"
0.85,0.15,0.303088473385264,0.272352570132017,1.11285336223685,0.265849284527392,"usdgbp_to_gold"
0.85,0.2,0.729485002686703,0.323967423928709,2.25172331785813,0.0244026897949052,"usdgbp_to_gold"
0.85,0.25,0.994767049195073,0.456171737060882,2.1806854050283,0.0292743213887877,"usdgbp_to_gold"
0.85,0.3,0.754950933013843,0.646051671442321,1.16856122564996,0.242661550029756,"usdgbp_to_gold"
0.85,0.35,0.373665470308645,0.713501534335779,0.523706610745416,0.600516402076914,"usdgbp_to_gold"
0.85,0.4,0.194269481986829,0.863466746588857,0.224987798029623,0.82200214957191,"usdgbp_to_gold"
0.85,0.45,-0.271931651822182,1.03596880703472,-0.262490192731323,0.792959286185904,"usdgbp_to_gold"
0.85,0.5,-0.342790089706939,0.953168188568243,-0.359632322834698,0.719144215682313,"usdgbp_to_gold"
0.85,0.55,-0.0963199166336061,0.778665339264763,-0.123698733944616,0.901561051400713,"usdgbp_to_gold"
0.85,0.6,-0.793958274302107,0.568191677024029,-1.39734231669946,0.162400902944828,"usdgbp_to_gold"
0.85,0.65,-0.350976395399268,0.672787230880445,-0.521675173501676,0.60193014687367,"usdgbp_to_gold"
0.85,0.7,0.747439468577387,0.692203229208949,1.07979771985687,0.280308077052972,"usdgbp_to_gold"
0.85,0.75,0.440105632255177,0.662362192610933,0.664448601029515,0.506447835510291,"usdgbp_to_gold"
0.85,0.8,-0.491261747685221,0.495690573544822,-0.991065341775758,0.321723480625053,"usdgbp_to_gold"
0.85,0.85,-0.429764767420564,0.309800241243836,-1.38723186817116,0.165461068090615,"usdgbp_to_gold"
0.85,0.9,0.267922228559539,0.223942645810887,1.1963877071712,0.231627866778548,"usdgbp_to_gold"
0.85,0.95,0.441325892827828,0.272390774532282,1.6201939789834,0.105282405261304,"usdgbp_to_gold"
0.9,0.05,-0.541240841752148,0.245815070065873,-2.20182123743311,0.0277441821577968,"usdgbp_to_gold"
0.9,0.1,-0.402185848687493,0.216475875839996,-1.85787837617879,0.0632717927315884,"usdgbp_to_gold"
0.9,0.15,0.141723826013786,0.285107084284914,0.497089808796747,0.619157534559308,"usdgbp_to_gold"
0.9,0.2,0.619003884822901,0.561106890431836,1.10318353842796,0.270024748159268,"usdgbp_to_gold"
0.9,0.25,0.713630323414128,0.633695292450527,1.12614111532135,0.260184463023586,"usdgbp_to_gold"
0.9,0.3,1.19738719518045,0.894256421779154,1.33897522681269,0.180667336755751,"usdgbp_to_gold"
0.9,0.35,1.20114810998992,0.90463419208614,1.32777217630918,0.184341607140397,"usdgbp_to_gold"
0.9,0.4,0.76723749095513,1.11128460570737,0.690405938330046,0.48998558882716,"usdgbp_to_gold"
0.9,0.45,-0.140202835011443,1.35381579643061,-0.103561234387346,0.917523598257237,"usdgbp_to_gold"
0.9,0.5,-1.25786211073794,1.13684576374682,-1.10644922191755,0.268609611372181,"usdgbp_to_gold"
0.9,0.55,-0.974744969090481,1.07675342101618,-0.905262941417514,0.365389593127974,"usdgbp_to_gold"
0.9,0.6,-1.24747330409307,0.821273064055595,-1.51895071041637,0.128866933435535,"usdgbp_to_gold"
0.9,0.65,-0.255270936180266,0.786434061189902,-0.324592930008693,0.745508943945106,"usdgbp_to_gold"
0.9,0.7,1.25489132456357,0.759512524758693,1.65223256188207,0.0985785460727936,"usdgbp_to_gold"
0.9,0.75,1.02551281001449,0.812993752224325,1.26140306393342,0.207249320010849,"usdgbp_to_gold"
0.9,0.8,-0.107414913238383,0.600166537786447,-0.178975178513873,0.857967746889216,"usdgbp_to_gold"
0.9,0.85,0.0115984248562446,0.367199842748047,0.0315861378628173,0.974803933318682,"usdgbp_to_gold"
0.9,0.9,0.224444142473145,0.252692713867704,0.888209790610155,0.37449010305383,"usdgbp_to_gold"
0.9,0.95,0.427979963172927,0.31146327727155,1.37409445801147,0.16950201023748,"usdgbp_to_gold"
0.95,0.05,-0.648600768277089,0.55146479132266,-1.17614175643282,0.239619737992592,"usdgbp_to_gold"
0.95,0.1,-0.81902989097529,0.354533368840122,-2.31016305645586,0.0209381180640252,"usdgbp_to_gold"
0.95,0.15,-0.0579415975758064,0.42756190084204,-0.135516278372082,0.892211635132467,"usdgbp_to_gold"
0.95,0.2,1.28010961561476,1.11469824565928,1.14839116379666,0.250887084594765,"usdgbp_to_gold"
0.95,0.25,-0.387398820686279,1.10916657208913,-0.349270191182022,0.726907883994711,"usdgbp_to_gold"
0.95,0.3,-0.266696532879443,1.73313712386008,-0.153880803317773,0.877712760028461,"usdgbp_to_gold"
0.95,0.35,1.72468882099062,1.64978182203368,1.0454041849392,0.295909761965354,"usdgbp_to_gold"
0.95,0.4,-1.20129993122737,2.04689444401391,-0.586889047816092,0.557316794571707,"usdgbp_to_gold"
0.95,0.45,-0.955854692462721,1.90816247926431,-0.500929403470532,0.616452904374536,"usdgbp_to_gold"
0.95,0.5,-0.745009787300508,1.57136157981183,-0.474117349483449,0.635446362112043,"usdgbp_to_gold"
0.95,0.55,-2.44112547173969,1.94388170506151,-1.25579939632306,0.209274121089791,"usdgbp_to_gold"
0.95,0.6,-1.7598691137182,1.19213028605466,-1.47623890971051,0.139971429085798,"usdgbp_to_gold"
0.95,0.65,0.153872129123901,1.08266141568603,0.142123961281468,0.886990426881525,"usdgbp_to_gold"
0.95,0.7,1.83784419513238,0.84666355848851,2.17069008900461,0.0300228844173088,"usdgbp_to_gold"
0.95,0.75,2.02987202765543,1.05712925350201,1.92017392474095,0.0549186514136034,"usdgbp_to_gold"
0.95,0.8,0.992689442356268,0.827015036686254,1.20032816614055,0.230094687491984,"usdgbp_to_gold"
0.95,0.85,-0.0228406838966272,0.5264726060191,-0.0433843729673535,0.965397656152873,"usdgbp_to_gold"
0.95,0.9,0.0306974245998807,0.306780973456167,0.100063000172554,0.920300148782214,"usdgbp_to_gold"
0.95,0.95,0.356281353402179,0.373622849221441,0.953585558657885,0.340360565894627,"usdgbp_to_gold"
0.05,0.05,0.107460400288631,0.380151562065959,0.282677781736923,0.777440881379694,"gold_to_oil"
0.05,0.1,0.265232067664081,0.283168003301808,0.936659737581261,0.348999459982961,"gold_to_oil"
0.05,0.15,0.266481678773147,0.485047302489813,0.549393177542193,0.582771368312266,"gold_to_oil"
0.05,0.2,-0.227219050045154,0.562980928151528,-0.403599906645501,0.686532076351232,"gold_to_oil"
0.05,0.25,-0.13008372788895,0.939158873275548,-0.138510886273428,0.889844785651476,"gold_to_oil"
0.05,0.3,0.0223777751578882,1.0658137802633,0.0209959521750224,0.983250104125024,"gold_to_oil"
0.05,0.35,0.165240986726668,1.38728646483192,0.119110934126131,0.905194433321376,"gold_to_oil"
0.05,0.4,2.20673730057641,1.84793546489491,1.19416361799296,0.232496427371153,"gold_to_oil"
0.05,0.45,3.61230570468435,1.62519799765427,2.22268653413194,0.0263018090124236,"gold_to_oil"
0.05,0.5,1.90683755224539,1.27764596888248,1.49246160414317,0.135670010273943,"gold_to_oil"
0.05,0.55,-0.705240618685979,1.19422832403598,-0.590540857633126,0.554866951336975,"gold_to_oil"
0.05,0.6,-2.38801161493081,1.40634606217106,-1.6980255992215,0.0895935023461076,"gold_to_oil"
0.05,0.65,-2.47244262185763,1.49180251952351,-1.65735249103034,0.0975395486512786,"gold_to_oil"
0.05,0.7,-0.246052834807137,1.24282137896123,-0.197979242208395,0.843073019606791,"gold_to_oil"
0.05,0.75,1.7064255899235,1.01685683249418,1.6781375070647,0.0934112242756111,"gold_to_oil"
0.05,0.8,0.955214261138518,0.481621470457591,1.98332989646613,0.0474100975619947,"gold_to_oil"
0.05,0.85,-0.350470210910677,0.46717860488456,-0.750184634412525,0.453194891037204,"gold_to_oil"
0.05,0.9,-0.685330183059448,0.2948207775482,-2.3245654148219,0.020153224643497,"gold_to_oil"
0.05,0.95,-0.521666489050767,0.311708345307571,-1.67357241762656,0.0943057118449148,"gold_to_oil"
0.1,0.05,0.0890387253572482,0.248155293272239,0.358802442547812,0.71976493634694,"gold_to_oil"
0.1,0.1,0.15190452626767,0.269368507144783,0.563928307276182,0.572839738979315,"gold_to_oil"
0.1,0.15,-0.102159225455611,0.404913984481242,-0.252298585306933,0.80082537642025,"gold_to_oil"
0.1,0.2,-0.747974427590572,0.501053316822222,-1.49280406391554,0.135580321052986,"gold_to_oil"
0.1,0.25,-0.475296144716019,0.846911507183181,-0.561211107281857,0.574690240101515,"gold_to_oil"
0.1,0.3,0.253509980760741,1.08124091554494,0.234462067718713,0.814640251846699,"gold_to_oil"
0.1,0.35,0.477480272871758,1.30656072175463,0.36544820682389,0.7147993630562,"gold_to_oil"
0.1,0.4,0.234419821852101,1.60555380319413,0.146005584730789,0.88392554689039,"gold_to_oil"
0.1,0.45,3.05258441361655,2.34026904192917,1.30437328312483,0.192193729003552,"gold_to_oil"
0.1,0.5,0.580064115025701,1.62335626309802,0.35732397638871,0.720871233856146,"gold_to_oil"
0.1,0.55,-1.7612498971217,1.38372749112604,-1.27283002499895,0.203164504878904,"gold_to_oil"
0.1,0.6,-2.02693768680174,1.07047964146618,-1.8934855071373,0.0583772948396357,"gold_to_oil"
0.1,0.65,-1.59139339554892,0.976343270269875,-1.62995274716139,0.103203170541299,"gold_to_oil"
0.1,0.7,0.505285502287532,0.921527321389051,0.54831309995877,0.583512565618962,"gold_to_oil"
0.1,0.75,1.26645277495461,0.759941913658444,1.66651260075624,0.0957025311479922,"gold_to_oil"
0.1,0.8,0.801059900016313,0.546121119815664,1.4668172882358,0.142517307979249,"gold_to_oil"
0.1,0.85,-0.34381177482986,0.356421436693159,-0.964621482982926,0.334802338882459,"gold_to_oil"
0.1,0.9,-0.575268804083071,0.274101388111721,-2.09874458515546,0.0359122512510285,"gold_to_oil"
0.1,0.95,-0.528097617460092,0.294550374012323,-1.7928940651693,0.0730778169675817,"gold_to_oil"
0.15,0.05,0.0394210611262937,0.148723091427614,0.265063486428942,0.790976459596288,"gold_to_oil"
0.15,0.1,-0.00292560397717345,0.179793124435012,-0.016272057045379,0.98701829484981,"gold_to_oil"
0.15,0.15,-0.0122736097129726,0.254352081379756,-0.0482544103684675,0.961516292751215,"gold_to_oil"
0.15,0.2,-0.447687919233372,0.413570680598885,-1.08249433587768,0.279108913211833,"gold_to_oil"
0.15,0.25,0.171278386110801,0.851094734938159,0.201244795766767,0.840519081384777,"gold_to_oil"
0.15,0.3,1.10321763239077,0.814967626860478,1.35369503772895,0.175922753517032,"gold_to_oil"
0.15,0.35,0.977970400606415,0.915921243161978,1.06774507951167,0.285710550901876,"gold_to_oil"
0.15,0.4,0.966936214808702,1.18266160640797,0.817593307814836,0.413646155578335,"gold_to_oil"
0.15,0.45,1.43410339696012,1.37903179570723,1.03993497570131,0.298443302820528,"gold_to_oil"
0.15,0.5,-0.120458882330287,1.39328331222074,-0.0864568471277308,0.931108297618458,"gold_to_oil"
0.15,0.55,-0.988075362261152,1.07458132454312,-0.919497984651144,0.357899723211818,"gold_to_oil"
0.15,0.6,-1.69053031634827,0.950819818612939,-1.77797126569619,0.0754970166804913,"gold_to_oil"
0.15,0.65,-1.35401961481574,1.03947121715128,-1.30260423999666,0.192797232200011,"gold_to_oil"
0.15,0.7,-0.115943817138639,0.977912502222227,-0.118562567586738,0.905628855428229,"gold_to_oil"
0.15,0.75,0.826015848688316,0.678696450889693,1.21706227814438,0.22366413063313,"gold_to_oil"
0.15,0.8,0.354876272534074,0.531129602528636,0.668153819415368,0.504080301708063,"gold_to_oil"
0.15,0.85,-0.416541973242208,0.356478780022235,-1.1684902344432,0.242690164216669,"gold_to_oil"
0.15,0.9,-0.431244134070864,0.272791023253601,-1.58085896275977,0.114002357494328,"gold_to_oil"
0.15,0.95,-0.406588637305003,0.312691089142194,-1.30028853211135,0.193589332177227,"gold_to_oil"
0.2,0.05,0.0519902881476947,0.110938170282364,0.468642019382212,0.639355275030412,"gold_to_oil"
0.2,0.1,0.0574716342323351,0.114060204945959,0.503871041258998,0.614384314819622,"gold_to_oil"
0.2,0.15,0.076573044089828,0.228807634383861,0.334661228835418,0.737901084142974,"gold_to_oil"
0.2,0.2,-0.192562873142554,0.367308457253487,-0.524253850789127,0.600135816414535,"gold_to_oil"
0.2,0.25,0.744520897329988,0.626717756465554,1.18796841105763,0.234927988054379,"gold_to_oil"
0.2,0.3,1.17863488639361,0.734192567305303,1.60534843156957,0.108509069111279,"gold_to_oil"
0.2,0.35,0.949783381828582,0.83284080036907,1.14041408803182,0.254193332908617,"gold_to_oil"
0.2,0.4,0.53518738227311,1.2321159954386,0.43436444641123,0.664051093804929,"gold_to_oil"
0.2,0.45,1.26706139528124,1.26245559004398,1.00364829089719,0.315618863390028,"gold_to_oil"
0.2,0.5,-1.03401517877177,0.997456006260828,-1.03665241602784,0.299970845235815,"gold_to_oil"
0.2,0.55,-1.92611816524446,0.870269498804036,-2.21324333196949,0.0269463643347462,"gold_to_oil"
0.2,0.6,-1.73990524065441,0.743324642441578,-2.34070706298581,0.0193041838595966,"gold_to_oil"
0.2,0.65,-0.853613018814561,0.728917211797315,-1.17106991713062,0.241651903672978,"gold_to_oil"
0.2,0.7,0.324031146411956,0.706968974110864,0.458338566864949,0.646738214731816,"gold_to_oil"
0.2,0.75,1.11740734827411,0.600299795114689,1.8614155083305,0.0627708799303974,"gold_to_oil"
0.2,0.8,0.507542066890972,0.466454605121401,1.08808458812166,0.276634103695539,"gold_to_oil"
0.2,0.85,-0.429052819978891,0.270979344595914,-1.58334141895094,0.113435724937367,"gold_to_oil"
0.2,0.9,-0.461124330626763,0.261057187839508,-1.76637285662577,0.0774221194829371,"gold_to_oil"
0.2,0.95,-0.284675899249828,0.256554081246993,-1.10961360609096,0.267243239965133,"gold_to_oil"
0.25,0.05,0.0249702012724847,0.124503121380258,0.200558837366178,0.841055420322266,"gold_to_oil"
0.25,0.1,0.00822302427989896,0.129797363403782,0.0633527836333488,0.949489271015195,"gold_to_oil"
0.25,0.15,0.108770513856405,0.220123716249393,0.494133552302796,0.621243459829633,"gold_to_oil"
0.25,0.2,0.0093027822088802,0.364028819792134,0.0255550706512529,0.979613707198834,"gold_to_oil"
0.25,0.25,0.718365958439195,0.480854282483245,1.49393690481321,0.135283959739935,"gold_to_oil"
0.25,0.3,1.09091455006857,0.561504044742684,1.94284361846137,0.0521166620408603,"gold_to_oil"
0.25,0.35,0.528571890842775,0.706580825460322,0.748069961420793,0.45446917109161,"gold_to_oil"
0.25,0.4,0.263676783718309,0.930470705389851,0.283379994868116,0.776902639019122,"gold_to_oil"
0.25,0.45,0.594060619438287,1.09213108967238,0.54394625796844,0.586513757937077,"gold_to_oil"
0.25,0.5,-0.961466723347524,0.901165512770993,-1.06691468961247,0.286085339944621,"gold_to_oil"
0.25,0.55,-1.91160260189252,0.754621933375577,-2.53319247340391,0.0113470175426073,"gold_to_oil"
0.25,0.6,-1.5772882526367,0.700306164133637,-2.25228383443975,0.0243672311489841,"gold_to_oil"
0.25,0.65,-0.536367345379294,0.637179915337218,-0.841783195717067,0.39996791945461,"gold_to_oil"
0.25,0.7,0.563715109865762,0.567768368886945,0.99286106933162,0.320847597071471,"gold_to_oil"
0.25,0.75,1.15454918308696,0.398731153919528,2.89555800126912,0.0038087375729907,"gold_to_oil"
0.25,0.8,0.234292699940529,0.335579942444048,0.698172537470989,0.485116557945693,"gold_to_oil"
0.25,0.85,-0.533095737229128,0.198347447638021,-2.6876863986776,0.00722958810051561,"gold_to_oil"
0.25,0.9,-0.579840775206442,0.169221878293141,-3.42651187337604,0.000618566093362532,"gold_to_oil"
0.25,0.95,-0.342843015724021,0.245533696348137,-1.39631757605242,0.162709105381222,"gold_to_oil"
0.3,0.05,0.0134860027176954,0.129652360484071,0.104016638550536,0.917162216997276,"gold_to_oil"
0.3,0.1,0.00593614197620327,0.12210337824576,0.0486157063095788,0.961228379291702,"gold_to_oil"
0.3,0.15,0.0732219181853455,0.188380258569431,0.388692099381307,0.697528017681291,"gold_to_oil"
0.3,0.2,-0.114099975436943,0.329196316132411,-0.34660161686332,0.72891186102632,"gold_to_oil"
0.3,0.25,0.743645527356133,0.452731004481511,1.64257698278869,0.100562016528793,"gold_to_oil"
0.3,0.3,1.14513497849394,0.540329085730196,2.11932877340188,0.0341342431661076,"gold_to_oil"
0.3,0.35,0.137004960400382,0.754919270303849,0.181482929088879,0.855999238934558,"gold_to_oil"
0.3,0.4,-0.225923405604905,0.873361116896231,-0.258682692913781,0.795895573209791,"gold_to_oil"
0.3,0.45,1.15927175952751,0.901225969114787,1.28632751302782,0.198415475914982,"gold_to_oil"
0.3,0.5,-0.399797205471154,0.860486212345685,-0.464617793678887,0.642234634553784,"gold_to_oil"
0.3,0.55,-1.89162614317687,0.855103411933477,-2.21216067761875,0.027021126566174,"gold_to_oil"
0.3,0.6,-1.79765683703869,0.610613566002271,-2.94401719373526,0.00326154107241126,"gold_to_oil"
0.3,0.65,-0.651680815074234,0.518018027059678,-1.25802729062006,0.208467394950951,"gold_to_oil"
0.3,0.7,0.830665466586153,0.500895782175474,1.65835987473968,0.0973361528516697,"gold_to_oil"
0.3,0.75,1.16217281777063,0.400842045309451,2.89932862924454,0.00376334044666296,"gold_to_oil"
0.3,0.8,0.34131031329913,0.308734394151297,1.10551438312334,0.269014188727321,"gold_to_oil"
0.3,0.85,-0.451634020760761,0.263823160771022,-1.71188162343618,0.0870087505269483,"gold_to_oil"
0.3,0.9,-0.541853938570461,0.172836505250628,-3.13506650568249,0.00173265735446157,"gold_to_oil"
0.3,0.95,-0.286306405421817,0.222635763213179,-1.28598568931476,0.198534734005955,"gold_to_oil"
0.35,0.05,0.0174333037377326,0.114422890837265,0.152358532546837,0.878913109489644,"gold_to_oil"
0.35,0.1,-0.0204534025445048,0.102095154046818,-0.200336663727697,0.841229149861083,"gold_to_oil"
0.35,0.15,0.12477277927193,0.194717500790308,0.640788726054459,0.521702704126164,"gold_to_oil"
0.35,0.2,0.187146944978974,0.373982747960954,0.500415984425338,0.616814258970299,"gold_to_oil"
0.35,0.25,0.644393720004835,0.408957923028318,1.5756968717787,0.115187766156046,"gold_to_oil"
0.35,0.3,0.806509471367436,0.517989710373538,1.55699901989527,0.119562840987807,"gold_to_oil"
0.35,0.35,-0.0585362702113899,0.551481236862956,-0.106143720399931,0.915474521180089,"gold_to_oil"
0.35,0.4,-0.184250997608948,0.822843922611808,-0.223919740482633,0.822833071488517,"gold_to_oil"
0.35,0.45,1.67090239621173,0.87505164602421,1.90949003273517,0.0562821301029488,"gold_to_oil"
0.35,0.5,-0.978757343046893,1.04851655124073,-0.933468662834851,0.350643652564216,"gold_to_oil"
0.35,0.55,-1.81683582554018,0.708944774926947,-2.56273251428843,0.0104274531902283,"gold_to_oil"
0.35,0.6,-1.74468724363813,0.65972530112638,-2.64456621666524,0.00821679325193608,"gold_to_oil"
0.35,0.65,-0.656429690253681,0.575052859422516,-1.14151191407497,0.253736526983228,"gold_to_oil"
0.35,0.7,0.68244752547621,0.549645658515968,1.24161360124049,0.214463934271648,"gold_to_oil"
0.35,0.75,1.04692701802454,0.459704245547042,2.27739253697497,0.0228239981094301,"gold_to_oil"
0.35,0.8,0.284779264191622,0.341414513083131,0.834115871700746,0.404273692860217,"gold_to_oil"
0.35,0.85,-0.435067353021044,0.241126343880361,-1.80431281800097,0.071269840352175,"gold_to_oil"
0.35,0.9,-0.401543459779593,0.194253984874957,-2.067105393169,0.0387989713158634,"gold_to_oil"
0.35,0.95,-0.266713699330188,0.220068047771712,-1.21196012792763,0.225611001418335,"gold_to_oil"
0.4,0.05,0.000821414524999564,0.0937350952702411,0.00876314813177926,0.993008617768299,"gold_to_oil"
0.4,0.1,-0.0698832842541209,0.0936486946260763,-0.746228065785148,0.455580722479438,"gold_to_oil"
0.4,0.15,-0.0237099242282428,0.167801977191393,-0.141297049206992,0.88764356615075,"gold_to_oil"
0.4,0.2,0.147719081217653,0.322537940633141,0.457989782311133,0.64698875150717,"gold_to_oil"
0.4,0.25,0.67091078292691,0.373244382173631,1.7975107328335,0.0723423710550943,"gold_to_oil"
0.4,0.3,0.855303000981898,0.444374448197128,1.92473488170157,0.0543450319607593,"gold_to_oil"
0.4,0.35,0.0583952582225905,0.502959304460214,0.116103346144996,0.907577423790607,"gold_to_oil"
0.4,0.4,0.117922540293778,0.657576028467667,0.179329134866078,0.857689848059849,"gold_to_oil"
0.4,0.45,1.12680171163715,0.796954982069778,1.41388376632106,0.157486654658487,"gold_to_oil"
0.4,0.5,-0.607772580700068,0.574369339006047,-1.05815638026888,0.290058559456097,"gold_to_oil"
0.4,0.55,-1.25627894586572,0.572792672079341,-2.19325247528954,0.0283560004131464,"gold_to_oil"
0.4,0.6,-1.60826156001291,0.579570572265524,-2.7749192884764,0.00555140928770145,"gold_to_oil"
0.4,0.65,-0.418860090145769,0.602676143028474,-0.695000283304692,0.487102132410858,"gold_to_oil"
0.4,0.7,0.626001358429977,0.572493306097865,1.09346493969829,0.274266389838256,"gold_to_oil"
0.4,0.75,1.06568273763685,0.409913487550107,2.59977475736653,0.00936843700242645,"gold_to_oil"
0.4,0.8,-0.0237357495935005,0.262710275737784,-0.0903495286845636,0.928014730563101,"gold_to_oil"
0.4,0.85,-0.409215769787614,0.157756238277517,-2.59397520031976,0.00952763135821986,"gold_to_oil"
0.4,0.9,-0.284475320002554,0.154966525285508,-1.83572109833682,0.0664853109950543,"gold_to_oil"
0.4,0.95,-0.209797757038286,0.20406250943459,-1.02810534683508,0.303972664098763,"gold_to_oil"
0.45,0.05,0.0484859677430102,0.0825834936635548,0.58711451395532,0.557165386478316,"gold_to_oil"
0.45,0.1,-0.121459639757816,0.0724621384646097,-1.67618072460194,0.0937938004844602,"gold_to_oil"
0.45,0.15,-0.015346153249719,0.149127393257271,-0.10290633340076,0.918043318024961,"gold_to_oil"
0.45,0.2,0.239540715734711,0.249731781808504,0.959191953863496,0.337529561005107,"gold_to_oil"
0.45,0.25,0.632042156608687,0.342226557382376,1.8468530363133,0.0648543976423296,"gold_to_oil"
0.45,0.3,0.740205645065608,0.450896510997777,1.64163089979922,0.10075806268321,"gold_to_oil"
0.45,0.35,0.0745180222803947,0.380987006894384,0.195592030520485,0.844941067251096,"gold_to_oil"
0.45,0.4,-0.0486190223187529,0.480856451846116,-0.101109223203918,0.919469657510939,"gold_to_oil"
0.45,0.45,0.105624614995759,0.642980150836802,0.164273523620122,0.869525488785095,"gold_to_oil"
0.45,0.5,-0.0674717235062375,0.493380334705727,-0.136753978138347,0.8912332761563,"gold_to_oil"
0.45,0.55,-0.619182781576492,0.479245651084455,-1.29199457559058,0.196445938551459,"gold_to_oil"
0.45,0.6,-1.16813558162646,0.536759511087571,-2.17627365234685,0.0296027196385818,"gold_to_oil"
0.45,0.65,-0.821694080519368,0.506151274495618,-1.62341600609065,0.104592263263116,"gold_to_oil"
0.45,0.7,0.605889662890454,0.454818635607818,1.33215663443681,0.182897097242325,"gold_to_oil"
0.45,0.75,0.594924062634823,0.350907275923268,1.69538822205816,0.0900924261633079,"gold_to_oil"
0.45,0.8,0.186675440838859,0.259960131970256,0.718092576057847,0.472749043003461,"gold_to_oil"
0.45,0.85,-0.276151700462186,0.173019492980582,-1.59607276443227,0.11056453708741,"gold_to_oil"
0.45,0.9,-0.215017842730205,0.154107073598432,-1.39524966446701,0.163030761435008,"gold_to_oil"
0.45,0.95,-0.0293557662041791,0.199585161435586,-0.147083911414192,0.883074420364036,"gold_to_oil"
0.5,0.05,0.0126718214949395,0.0761897209013082,0.16631930587269,0.867915462414222,"gold_to_oil"
0.5,0.1,-0.015705143967538,0.0592161380188291,-0.265217295368775,0.790857986314916,"gold_to_oil"
0.5,0.15,0,0.119142698493622,0,1,"gold_to_oil"
0.5,0.2,0.165716971672688,0.217003744077305,0.763659504481419,0.445122626119147,"gold_to_oil"
0.5,0.25,0.629437028814361,0.357964954525306,1.75837612273819,0.0787725757831407,"gold_to_oil"
0.5,0.3,0.873114156636872,0.47175986806338,1.85075971006413,0.0642899266771118,"gold_to_oil"
0.5,0.35,-0.0247553447641905,0.520080961499455,-0.0475990213001029,0.962038579146329,"gold_to_oil"
0.5,0.4,-0.863368358382286,0.663044244870448,-1.30212782187858,0.192959998525472,"gold_to_oil"
0.5,0.45,-0.192675055820769,0.637652377803389,-0.302163157431489,0.762545981906877,"gold_to_oil"
0.5,0.5,0.478515381281252,0.719648414487412,0.664929390030111,0.506140294471995,"gold_to_oil"
0.5,0.55,-0.633274778850577,0.546686643709257,-1.15838714213653,0.24678661301563,"gold_to_oil"
0.5,0.6,-0.834189898480137,0.521166846635469,-1.60061965542411,0.109553144030211,"gold_to_oil"
0.5,0.65,-0.114708351214147,0.445170326466869,-0.257672949867391,0.796674759161252,"gold_to_oil"
0.5,0.7,0.314186724243846,0.332398130943128,0.945212066483015,0.344617101049569,"gold_to_oil"
0.5,0.75,0.531883539030726,0.308638117095696,1.7233242090633,0.0849199031450427,"gold_to_oil"
0.5,0.8,0.160589468324832,0.237841387427667,0.675195642195247,0.499596920646584,"gold_to_oil"
0.5,0.85,-0.17567207272896,0.184254906255626,-0.95341869749314,0.340445056695069,"gold_to_oil"
0.5,0.9,-0.130418079766447,0.134993527976799,-0.966106166133106,0.334059071068179,"gold_to_oil"
0.5,0.95,0.0133398809106122,0.166067967917166,0.0803278385225143,0.935981197269266,"gold_to_oil"
0.55,0.05,0.0690918708032818,0.0711211626011073,0.971467117189759,0.331384120468897,"gold_to_oil"
0.55,0.1,-0.0549711322926805,0.0762084321482194,-0.721326115012654,0.470757984897918,"gold_to_oil"
0.55,0.15,-0.0783170017017541,0.127320659123186,-0.615116213198211,0.538518722211434,"gold_to_oil"
0.55,0.2,0.228793969802576,0.26829607588071,0.852766739325336,0.393848127195177,"gold_to_oil"
0.55,0.25,0.857590829652158,0.345940124677965,2.47901520660688,0.0132222205223166,"gold_to_oil"
0.55,0.3,1.09407384379322,0.473706197308118,2.30960424417159,0.0209691017879252,"gold_to_oil"
0.55,0.35,0.0283875069482852,0.617499958492274,0.0459716742614816,0.963335498999697,"gold_to_oil"
0.55,0.4,-1.54451939394613,0.727742388787006,-2.12234358990757,0.0338802581541372,"gold_to_oil"
0.55,0.45,0.269834911744451,0.775884598415066,0.347777120844588,0.72802888208236,"gold_to_oil"
0.55,0.5,0.792151531202506,0.765653254027339,1.03460871750467,0.300924512280697,"gold_to_oil"
0.55,0.55,-0.482224977168846,0.641553044658706,-0.751652542503919,0.452311532528013,"gold_to_oil"
0.55,0.6,-1.1209774392892,0.475550474056209,-2.35722073774381,0.018468102158659,"gold_to_oil"
0.55,0.65,-0.318227682914489,0.401849740678858,-0.791907150112617,0.428469499401218,"gold_to_oil"
0.55,0.7,0.454444775365797,0.388187698618063,1.17068309218352,0.241807391814852,"gold_to_oil"
0.55,0.75,0.60023706330399,0.327370044241546,1.83351248491481,0.0668128743307205,"gold_to_oil"
0.55,0.8,0.0774371554373244,0.275274392664482,0.281308968436118,0.778490375973973,"gold_to_oil"
0.55,0.85,-0.0943509665256393,0.186622637075353,-0.505570856806309,0.613190383435061,"gold_to_oil"
0.55,0.9,-0.208227182168656,0.126029799273078,-1.65220593359412,0.0985839728238591,"gold_to_oil"
0.55,0.95,-0.0313776750148839,0.155862174086563,-0.201316805689219,0.840462782370298,"gold_to_oil"
0.6,0.05,0.120227815655559,0.0886749462170058,1.35582620328111,0.175243597981923,"gold_to_oil"
0.6,0.1,0.0171580959386527,0.0949765040614275,0.180656217116135,0.85664808428873,"gold_to_oil"
0.6,0.15,-0.0187253665072247,0.173608382603046,-0.107859806228597,0.914113200364166,"gold_to_oil"
0.6,0.2,0.309618728700665,0.325746746264994,0.950489090837429,0.341930664164804,"gold_to_oil"
0.6,0.25,0.969646339439055,0.387936740858782,2.49949601909974,0.0124833199498265,"gold_to_oil"
0.6,0.3,0.983257612767741,0.481933453195912,2.04023523631184,0.0414032296093744,"gold_to_oil"
0.6,0.35,-0.432564435599931,0.626624079960863,-0.690309308935188,0.490046332880727,"gold_to_oil"
0.6,0.4,-1.62516338509583,0.732197139242475,-2.21957079315717,0.0265129878905178,"gold_to_oil"
0.6,0.45,-0.327917786994736,0.827709447033843,-0.396174996153364,0.692000542497233,"gold_to_oil"
0.6,0.5,0.823435957984983,0.938767815707948,0.877145492428295,0.38046895851373,"gold_to_oil"
0.6,0.55,-0.279844567287984,0.716688434874106,-0.390468931366448,0.696214037487993,"gold_to_oil"
0.6,0.6,-1.14135196911668,0.565929359169049,-2.01677462146958,0.0437967059656966,"gold_to_oil"
0.6,0.65,-0.441364084966407,0.38975625360911,-1.13241052806572,0.257540920700423,"gold_to_oil"
0.6,0.7,0.456961625233804,0.420131986184016,1.08766206873298,0.276820628959063,"gold_to_oil"
0.6,0.75,0.618072548763949,0.36342337341493,1.70069564584191,0.0890906679849447,"gold_to_oil"
0.6,0.8,0.234201781524617,0.270690059178535,0.865202742336941,0.386987939858675,"gold_to_oil"
0.6,0.85,-0.123746037012563,0.17848924024525,-0.693296900376362,0.488170121651338,"gold_to_oil"
0.6,0.9,-0.235045346058603,0.125142173833663,-1.87822649118291,0.0604348269544868,"gold_to_oil"
0.6,0.95,-0.0460209230122199,0.166363889071767,-0.276628078779568,0.782082345292629,"gold_to_oil"
0.65,0.05,0.16283474358773,0.081623262274188,1.99495510288154,0.046126653442181,"gold_to_oil"
0.65,0.1,0.0577752807383978,0.0974584356160449,0.592819701785631,0.553340845514223,"gold_to_oil"
0.65,0.15,0.00971003083545144,0.181645745071057,0.0534558672522334,0.957371801677797,"gold_to_oil"
0.65,0.2,0.284865225883988,0.311841545683819,0.913493502795866,0.361047160807231,"gold_to_oil"
0.65,0.25,1.09488851138706,0.410308694118469,2.66845067404525,0.00765600831078885,"gold_to_oil"
0.65,0.3,1.18526013272275,0.546962248443488,2.16698709297705,0.03030435550434,"gold_to_oil"
0.65,0.35,-0.588910018269691,0.719760498243061,-0.818202748980005,0.413298179100457,"gold_to_oil"
0.65,0.4,-1.85703179712794,0.662333732557723,-2.80377052510473,0.00507924655751565,"gold_to_oil"
0.65,0.45,-0.224826496666424,0.907919225449098,-0.247628302567571,0.804436810538899,"gold_to_oil"
0.65,0.5,0.86898963848329,0.854681491897339,1.01674091076219,0.30934830497742,"gold_to_oil"
0.65,0.55,-0.470873830332529,0.758218793483614,-0.62102632430029,0.53462350840976,"gold_to_oil"
0.65,0.6,-1.41060087825462,0.614733831723787,-2.29465307659922,0.0218130520943564,"gold_to_oil"
0.65,0.65,-0.691550438756958,0.546525033726189,-1.26535912553171,0.205828445654622,"gold_to_oil"
0.65,0.7,0.308477797794024,0.4585146638264,0.672776297315582,0.501134874524679,"gold_to_oil"
0.65,0.75,0.558501173368198,0.44169071603003,1.26446210685177,0.206149999997163,"gold_to_oil"
0.65,0.8,0.280838979247049,0.283463336018112,0.990741812299508,0.321881451138962,"gold_to_oil"
0.65,0.85,-0.0808814792618742,0.188700106085767,-0.428624450402335,0.668223425159837,"gold_to_oil"
0.65,0.9,-0.190360383396379,0.168166782490125,-1.13197374997382,0.257724484928618,"gold_to_oil"
0.65,0.95,0.110251637224895,0.18573536800466,0.59359527702946,0.552821924810575,"gold_to_oil"
0.7,0.05,0.221151467402863,0.0903840388127443,2.44679780089314,0.0144629501979279,"gold_to_oil"
0.7,0.1,0.101367498638472,0.135896611923419,0.745916305077534,0.455769015896353,"gold_to_oil"
0.7,0.15,-0.156609523427225,0.21746276343359,-0.720167080351903,0.471471129914191,"gold_to_oil"
0.7,0.2,0.309237543890438,0.338040417822241,0.914794585460047,0.360363687640804,"gold_to_oil"
0.7,0.25,1.02290876693203,0.384583334391199,2.65978443541063,0.00785538840997691,"gold_to_oil"
0.7,0.3,0.946662914534425,0.575100133483066,1.64608362860396,0.0998380252899276,"gold_to_oil"
0.7,0.35,-0.305338848839775,0.711289851617884,-0.429274856298397,0.667750134711596,"gold_to_oil"
0.7,0.4,-1.52984962073447,0.724350259027717,-2.11203019763941,0.0347558663130105,"gold_to_oil"
0.7,0.45,-0.153014278313387,0.818986605738438,-0.186833676205756,0.851802075516372,"gold_to_oil"
0.7,0.5,0.796682417138078,0.714578227272497,1.114898812659,0.264971781256853,"gold_to_oil"
0.7,0.55,-0.582661902546435,0.867490043416256,-0.671664080721732,0.501842740779845,"gold_to_oil"
0.7,0.6,-1.24605691621378,0.599552027025879,-2.0783132406289,0.0377545922182307,"gold_to_oil"
0.7,0.65,-0.532055124671872,0.520185989375095,-1.02281709915147,0.306466357558537,"gold_to_oil"
0.7,0.7,0.380709380111621,0.456485772776246,0.834000538058899,0.404338672400176,"gold_to_oil"
0.7,0.75,0.853571238022039,0.543673023249063,1.57000844537215,0.116505250346161,"gold_to_oil"
0.7,0.8,0.30348223671254,0.370314748843128,0.819525113867665,0.412543736730701,"gold_to_oil"
0.7,0.85,-0.105845290806616,0.199545685949102,-0.530431366146466,0.595847171116545,"gold_to_oil"
0.7,0.9,-0.188805762816562,0.152934549839529,-1.23455270908157,0.217081464783227,"gold_to_oil"
0.7,0.95,0.0922930615592189,0.16974466116613,0.543717021349446,0.586671502573117,"gold_to_oil"
0.75,0.05,0.26926745424736,0.111182419509095,2.42185280223491,0.0154930521738452,"gold_to_oil"
0.75,0.1,0.0777185048498379,0.135236552687291,0.574685640128281,0.565541555264926,"gold_to_oil"
0.75,0.15,-0.0883774728232112,0.242405014402854,-0.364585992748221,0.715442914896988,"gold_to_oil"
0.75,0.2,0.212301998299118,0.288869706364818,0.734940333379915,0.4624260038516,"gold_to_oil"
0.75,0.25,0.654108539096866,0.458053715553381,1.42801710124025,0.153377845490931,"gold_to_oil"
0.75,0.3,0.688800365295736,0.670020162938467,1.02802930925975,0.30400842409141,"gold_to_oil"
0.75,0.35,-0.313179848466627,0.659256486297706,-0.475050082897783,0.634781478951947,"gold_to_oil"
0.75,0.4,-1.35480781344798,0.802433934846561,-1.68837302937225,0.0914304146522469,"gold_to_oil"
0.75,0.45,-0.302888028574208,0.793747035633447,-0.381592642210612,0.702787144936685,"gold_to_oil"
0.75,0.5,-0.0959462628376226,0.836804563933458,-0.114657910547978,0.9087229776488,"gold_to_oil"
0.75,0.55,-0.9567485092796,0.757419342926828,-1.26316883535417,0.206614241382397,"gold_to_oil"
0.75,0.6,-0.758863197956307,0.629799219392063,-1.20492876870954,0.228313807440394,"gold_to_oil"
0.75,0.65,-0.233469185192422,0.465225955025309,-0.501840412536142,0.615811946789155,"gold_to_oil"
0.75,0.7,0.13101453292885,0.537281724276917,0.243846993130413,0.807363885590656,"gold_to_oil"
0.75,0.75,0.61324365679521,0.403051551688531,1.5215017886077,0.128226006201517,"gold_to_oil"
0.75,0.8,0.57351859301816,0.366973408127885,1.56283420083206,0.118183715043391,"gold_to_oil"
0.75,0.85,-0.0365296507899315,0.242643210974327,-0.150548826992718,0.880340470767442,"gold_to_oil"
0.75,0.9,-0.162576843487754,0.149771549229333,-1.0854988435675,0.277776948857906,"gold_to_oil"
0.75,0.95,0.133242810856717,0.194719074552064,0.684282272618806,0.493843100966862,"gold_to_oil"
0.8,0.05,0.126693722787794,0.13832243501638,0.915930396777576,0.359767698024748,"gold_to_oil"
0.8,0.1,0.0258979522434114,0.170214601973862,0.152148828262033,0.879078488572291,"gold_to_oil"
0.8,0.15,-0.0707732103207016,0.205294154864196,-0.344740503535129,0.730310570515316,"gold_to_oil"
0.8,0.2,0.29135495749841,0.285116243331924,1.02188130039025,0.306909045347316,"gold_to_oil"
0.8,0.25,0.920083766024067,0.418717923782067,2.19738328303077,0.0280596198318592,"gold_to_oil"
0.8,0.3,0.699692186190827,0.583419873548257,1.19929439827859,0.23049621222704,"gold_to_oil"
0.8,0.35,-0.352925185701544,0.7393758068291,-0.477328555305461,0.633158548356815,"gold_to_oil"
0.8,0.4,-1.29753000902121,0.867119211548091,-1.49636865582149,0.134649483163153,"gold_to_oil"
0.8,0.45,-0.551857271979204,0.95919989862968,-0.575330828086608,0.565105259604275,"gold_to_oil"
0.8,0.5,-0.596896560717473,1.23007340905978,-0.485252795744701,0.627527981288642,"gold_to_oil"
0.8,0.55,-1.29955576288376,1.06036691763084,-1.22557177263445,0.22044388685926,"gold_to_oil"
0.8,0.6,-0.343451477505324,0.710108572471287,-0.483660514490144,0.628657649811855,"gold_to_oil"
0.8,0.65,-0.0684193470712903,0.55420974344467,-0.123453887053722,0.901754910419308,"gold_to_oil"
0.8,0.7,-0.0187907206789319,0.484872492496214,-0.0387539424688619,0.969088817865884,"gold_to_oil"
0.8,0.75,0.358521971889465,0.531834460061242,0.674123244755859,0.500278323712476,"gold_to_oil"
0.8,0.8,0.403413550788384,0.383689974985518,1.05140498081455,0.293146588071418,"gold_to_oil"
0.8,0.85,0.177754511663343,0.306008740481247,0.580880504863345,0.561359100397866,"gold_to_oil"
0.8,0.9,-0.122071035143579,0.180500216851936,-0.676293011014572,0.498900161380913,"gold_to_oil"
0.8,0.95,0.187058774158711,0.188207985661362,0.993893928046612,0.320344516989108,"gold_to_oil"
0.85,0.05,0.195867139598431,0.157841395059511,1.24091110272172,0.214723331751488,"gold_to_oil"
0.85,0.1,-0.113771089672171,0.191379216650781,-0.594479858697378,0.552230361878864,"gold_to_oil"
0.85,0.15,-0.2799162836159,0.247762955390851,-1.12977455880895,0.25865011582163,"gold_to_oil"
0.85,0.2,0.0742228788593272,0.333319343590397,0.222677982201168,0.82379937807534,"gold_to_oil"
0.85,0.25,0.840299779423578,0.428317018371696,1.96186409453934,0.0498589461978762,"gold_to_oil"
0.85,0.3,0.761422901294089,0.593736958317612,1.28242463371596,0.199780262167236,"gold_to_oil"
0.85,0.35,-0.290693075748098,0.871183051746394,-0.333676229312964,0.738644255964043,"gold_to_oil"
0.85,0.4,-1.16615370115595,0.952051195824444,-1.22488549593817,0.220702354283806,"gold_to_oil"
0.85,0.45,-0.844183903441063,1.14110852963186,-0.739792825589875,0.459476268394036,"gold_to_oil"
0.85,0.5,-1.6823565750702,1.40167238141462,-1.20024950008097,0.230125224593305,"gold_to_oil"
0.85,0.55,-2.03442338659056,1.00993822154797,-2.01440379538495,0.0440449567974495,"gold_to_oil"
0.85,0.6,-0.672863067324995,0.728820154821691,-0.92322236545395,0.35595617944119,"gold_to_oil"
0.85,0.65,0.102553561939199,0.659631900992081,0.155470894880856,0.876459232479807,"gold_to_oil"
0.85,0.7,0.281181907405902,0.640203830577163,0.439206849406709,0.66053928866906,"gold_to_oil"
0.85,0.75,0.352999528310864,0.600594818168502,0.587749873346104,0.556738829133398,"gold_to_oil"
0.85,0.8,0.583441007646381,0.44653205944575,1.30660496890317,0.19143438042594,"gold_to_oil"
0.85,0.85,0.128650705238703,0.325147125619678,0.39566920665073,0.692373646890279,"gold_to_oil"
0.85,0.9,-0.0412654772516968,0.231833427755131,-0.177996234845316,0.85873642845311,"gold_to_oil"
0.85,0.95,0.260650644948643,0.235629367542328,1.10618912942514,0.268722131598157,"gold_to_oil"
0.9,0.05,0.202209916489606,0.254261705334186,0.795282625135522,0.426504066493862,"gold_to_oil"
0.9,0.1,-0.253355573389148,0.287883376506806,-0.880063227211585,0.378886623610417,"gold_to_oil"
0.9,0.15,-0.381587553918961,0.322477401723192,-1.18330013786984,0.236772104661588,"gold_to_oil"
0.9,0.2,0.353047851039625,0.483703629720172,0.72988464288322,0.465510470174468,"gold_to_oil"
0.9,0.25,0.636474777006987,0.522812311303084,1.21740587060891,0.22353345648082,"gold_to_oil"
0.9,0.3,0.448806166754356,0.727223254183472,0.617150461254538,0.537176391964687,"gold_to_oil"
0.9,0.35,0.345709687051525,0.888274726495061,0.389192303619422,0.697158021021625,"gold_to_oil"
0.9,0.4,-0.568128986426304,1.14402959769254,-0.496603398698945,0.619500533781757,"gold_to_oil"
0.9,0.45,-0.615651909822164,1.41940377870058,-0.433739799104785,0.664504640201605,"gold_to_oil"
0.9,0.5,-0.79229716746188,1.60290655139584,-0.494287809087768,0.621134541186844,"gold_to_oil"
0.9,0.55,-1.62284465694884,1.27845493241485,-1.26937963615462,0.204391691398732,"gold_to_oil"
0.9,0.6,-0.39314020827097,1.1010889413338,-0.357046732114792,0.721078753657381,"gold_to_oil"
0.9,0.65,0.0810485458797941,1.02154190912493,0.0793394232344534,0.93676727142925,"gold_to_oil"
0.9,0.7,-0.0545146932318688,0.806665318405569,-0.0675803111749256,0.946123662157354,"gold_to_oil"
0.9,0.75,-0.0804126529317607,0.762529926822636,-0.105455078027993,0.916020871047552,"gold_to_oil"
0.9,0.8,0.41767184377197,0.489057355877835,0.854034478271507,0.39314543961515,"gold_to_oil"
0.9,0.85,0.105284862987568,0.308804948814117,0.340942926568653,0.73316739942119,"gold_to_oil"
0.9,0.9,0.182560861962508,0.192299937508906,0.949354764891974,0.342506994976049,"gold_to_oil"
0.9,0.95,0.341406145993586,0.342251956609091,0.99752869019688,0.318578218222263,"gold_to_oil"
0.95,0.05,-0.0928917503717847,0.404073070848609,-0.229888495604766,0.818192104247733,"gold_to_oil"
0.95,0.1,-0.0906772845980071,0.400293045275422,-0.226527254640701,0.820804842632406,"gold_to_oil"
0.95,0.15,0.17677783209573,0.360108411806357,0.490901701543117,0.623527332791453,"gold_to_oil"
0.95,0.2,0.734515064867868,0.499237989268378,1.47127238042178,0.141309070095733,"gold_to_oil"
0.95,0.25,1.30291946406537,0.804323374113786,1.61989506459506,0.105346614052803,"gold_to_oil"
0.95,0.3,1.10886224177482,1.32815992320862,0.8348860874344,0.403839909820587,"gold_to_oil"
0.95,0.35,-0.0631230945053265,1.64168511777145,-0.0384501837910394,0.969330984037515,"gold_to_oil"
0.95,0.4,-2.03040111499614,2.16025096072913,-0.939891314438224,0.347339399874863,"gold_to_oil"
0.95,0.45,1.61503438424915,1.92467857864715,0.83911901039827,0.401460921020537,"gold_to_oil"
0.95,0.5,-0.221810482789315,1.69830743262619,-0.130606790342027,0.896094018773727,"gold_to_oil"
0.95,0.55,-1.10838716549495,1.51623396097101,-0.731013282927081,0.464820899120675,"gold_to_oil"
0.95,0.6,-0.232205865243158,1.03502148669483,-0.224348835486177,0.822499222423544,"gold_to_oil"
0.95,0.65,0.492530243866101,1.19171039073805,0.413296928258776,0.679414878568147,"gold_to_oil"
0.95,0.7,-0.680597814025951,0.878053822471264,-0.775120837251664,0.43832161454344,"gold_to_oil"
0.95,0.75,-0.448141174662854,0.84843207132592,-0.528199239289133,0.597395177940835,"gold_to_oil"
0.95,0.8,0.189559537736422,0.837511522143233,0.226336632660682,0.820953075606617,"gold_to_oil"
0.95,0.85,0.514135488831052,0.632908126899894,0.812338263610846,0.41665385271384,"gold_to_oil"
0.95,0.9,0.125609215429193,0.415774692252853,0.302108853111251,0.762587373752235,"gold_to_oil"
0.95,0.95,0.785220426818963,0.572372663717921,1.37186919745339,0.170193750129689,"gold_to_oil"
0.05,0.05,0.0228077522473323,0.441623734416622,0.0516452139454437,0.958814394799287,"usdgbp_to_oil"
0.05,0.1,0.727742548926768,0.759718768396856,0.957910452130117,0.338175329622382,"usdgbp_to_oil"
0.05,0.15,1.62483586041789,0.984471529687578,1.65046505807388,0.0989392752035277,"usdgbp_to_oil"
0.05,0.2,-0.854408122785601,1.22169916266017,-0.699360488162392,0.48437412705302,"usdgbp_to_oil"
0.05,0.25,1.14551647088866,1.35574873154135,0.844932725540017,0.398207246853545,"usdgbp_to_oil"
0.05,0.3,1.60442405565358,1.64575538561961,0.974886103775096,0.329685407135449,"usdgbp_to_oil"
0.05,0.35,1.67473157175615,1.60695778527265,1.04217521275582,0.297403794891405,"usdgbp_to_oil"
0.05,0.4,0.785901814635484,2.19073562403936,0.358738775236789,0.719812564851741,"usdgbp_to_oil"
0.05,0.45,0.0745179851639653,3.10390409251422,0.0240078246437068,0.980847761833905,"usdgbp_to_oil"
0.05,0.5,-1.74208666060662,3.08591405839702,-0.564528573265435,0.572431320268111,"usdgbp_to_oil"
0.05,0.55,-1.50464416402237,3.64963784745815,-0.412272183408639,0.680165661470107,"usdgbp_to_oil"
0.05,0.6,-0.327367826739891,3.12429439287974,-0.104781363589155,0.916555415914381,"usdgbp_to_oil"
0.05,0.65,2.63748645217236,2.66015466930495,0.991478609347737,0.321521767138262,"usdgbp_to_oil"
0.05,0.7,0.0957821657922907,2.17973291798377,0.0439421568587808,0.964953065520007,"usdgbp_to_oil"
0.05,0.75,-1.176691163642,1.82857333480123,-0.643502309285239,0.519941174395678,"usdgbp_to_oil"
0.05,0.8,1.12183897005595,1.49597918041859,0.749902795934665,0.453364607361402,"usdgbp_to_oil"
0.05,0.85,-0.241708908805559,0.831565423654592,-0.290667338888729,0.771323300670423,"usdgbp_to_oil"
0.05,0.9,-2.08190422186571,0.78366470111471,-2.65662625725561,0.00792919607229196,"usdgbp_to_oil"
0.05,0.95,-3.93492727845761,1.29921145908606,-3.02870425821648,0.00247431514202246,"usdgbp_to_oil"
0.1,0.05,0.501932221291334,0.521553797850485,0.962378614363431,0.335927192558191,"usdgbp_to_oil"
0.1,0.1,0.515294588379772,0.448872650324597,1.14797501698342,0.251058818527853,"usdgbp_to_oil"
0.1,0.15,0.672083222093828,0.838886729866777,0.801160869716656,0.423093933302489,"usdgbp_to_oil"
0.1,0.2,0.363305574405399,1.27101770199436,0.285838327692315,0.7750191864948,"usdgbp_to_oil"
0.1,0.25,0.813754892234429,1.43964288841376,0.565247742189068,0.57194218270061,"usdgbp_to_oil"
0.1,0.3,0.486076390825095,1.53713661086131,0.316221985339825,0.751853234879075,"usdgbp_to_oil"
0.1,0.35,-0.233683893076306,1.74589824638257,-0.133847372583419,0.89353110723599,"usdgbp_to_oil"
0.1,0.4,0.63735161534375,1.9345559991508,0.329456276077573,0.741830924549373,"usdgbp_to_oil"
0.1,0.45,-1.37711589519213,2.24136085206989,-0.614410613052499,0.538984716288516,"usdgbp_to_oil"
0.1,0.5,-2.2696985895646,2.55436518551324,-0.888556813425465,0.374303525981945,"usdgbp_to_oil"
0.1,0.55,-2.75580301613228,2.45862219515395,-1.12087291067496,0.262420318746393,"usdgbp_to_oil"
0.1,0.6,1.27657607236866,2.12491228126029,0.600766480398673,0.548035169420808,"usdgbp_to_oil"
0.1,0.65,3.38756259596354,1.8009391473409,1.88099781215001,0.0600567344335578,"usdgbp_to_oil"
0.1,0.7,1.85778652014024,1.6034956330105,1.1585853318804,0.246705790846185,"usdgbp_to_oil"
0.1,0.75,-0.300925925744985,1.54609337320456,-0.194636320781364,0.84568917713488,"usdgbp_to_oil"
0.1,0.8,-0.272969210440771,1.11012723373592,-0.245890022463591,0.805782058416762,"usdgbp_to_oil"
0.1,0.85,-0.741548322703164,0.837890901758019,-0.885017752486973,0.376209002047527,"usdgbp_to_oil"
0.1,0.9,-1.94008426944109,0.464477927217944,-4.1769138117316,3.02838671374085e-05,"usdgbp_to_oil"
0.1,0.95,-2.28208212781106,0.572104678998973,-3.98892407558016,6.77573329761e-05,"usdgbp_to_oil"
0.15,0.05,0.993646696035506,0.407451228507476,2.43868867367343,0.014790984520054,"usdgbp_to_oil"
0.15,0.1,0.84421428972747,0.418256885098606,2.01841098091773,0.0436260519977171,"usdgbp_to_oil"
0.15,0.15,0.353874722073691,0.553132418089176,0.639764928796199,0.522368101881802,"usdgbp_to_oil"
0.15,0.2,-0.332253364853499,0.90338247564917,-0.367788144899248,0.713053869349209,"usdgbp_to_oil"
0.15,0.25,0.061190065571638,1.06759495401313,0.0573158062817946,0.954296963131252,"usdgbp_to_oil"
0.15,0.3,0.203159216912769,1.2160843441062,0.16706013682142,0.867332564780847,"usdgbp_to_oil"
0.15,0.35,0.283075533262819,1.40984522680646,0.200784829341894,0.840878712963821,"usdgbp_to_oil"
0.15,0.4,-0.689046361202388,1.43180387749568,-0.481243536235965,0.630374075207716,"usdgbp_to_oil"
0.15,0.45,-2.29367787931753,1.9006125255177,-1.20680983026394,0.227588490053674,"usdgbp_to_oil"
0.15,0.5,-0.863400913662321,2.15943102286596,-0.399827966033586,0.689308091092695,"usdgbp_to_oil"
0.15,0.55,-0.849358421454894,2.03193609236257,-0.418004495637129,0.675969958625177,"usdgbp_to_oil"
0.15,0.6,-0.273511139280581,1.82336504340544,-0.150003500544111,0.880770660240174,"usdgbp_to_oil"
0.15,0.65,1.95120616355881,1.82486925135979,1.06923066521335,0.285040873714784,"usdgbp_to_oil"
0.15,0.7,0.685465823491581,1.29263558153794,0.530285436422874,0.595948319221309,"usdgbp_to_oil"
0.15,0.75,-0.0883567099675566,1.3467770841945,-0.0656060390427584,0.947695298802629,"usdgbp_to_oil"
0.15,0.8,0.101225549084573,0.977569281661308,0.103548209813373,0.917533934024225,"usdgbp_to_oil"
0.15,0.85,-0.109261751856345,0.652973907994964,-0.167329430040853,0.867120698436363,"usdgbp_to_oil"
0.15,0.9,-1.62026311534626,0.448495224540034,-3.61266525637584,0.000307405540086737,"usdgbp_to_oil"
0.15,0.95,-2.47097499764698,0.493645287254366,-5.00556788740037,5.84975693559971e-07,"usdgbp_to_oil"
0.2,0.05,0.976225901639363,0.384121229566016,2.54145261052693,0.0110828928023085,"usdgbp_to_oil"
0.2,0.1,0.879846309194995,0.410058682978165,2.14565950123252,0.0319700417394894,"usdgbp_to_oil"
0.2,0.15,0.394024676956594,0.475348839470917,0.828916880064671,0.407209036778196,"usdgbp_to_oil"
0.2,0.2,-0.236316772811135,0.789198739680583,-0.299438862391976,0.764623329908783,"usdgbp_to_oil"
0.2,0.25,0.3296743704697,1.05432197843032,0.31268851187236,0.754536305888074,"usdgbp_to_oil"
0.2,0.3,0.174421491412057,1.12166565811237,0.155502212402212,0.876434546830253,"usdgbp_to_oil"
0.2,0.35,-0.299664283201059,1.1345692752032,-0.264121627255763,0.791702043818549,"usdgbp_to_oil"
0.2,0.4,-0.601834723162574,1.52121651172214,-0.395627261816431,0.692404591579386,"usdgbp_to_oil"
0.2,0.45,-0.146775493200134,1.90163640948656,-0.0771837836444055,0.938481837141635,"usdgbp_to_oil"
0.2,0.5,0.517458495530163,1.62833196281404,0.317784399832025,0.750667801121949,"usdgbp_to_oil"
0.2,0.55,-0.208772964442176,1.45375418847433,-0.1436095359844,0.885817233888987,"usdgbp_to_oil"
0.2,0.6,-0.362352624915739,1.50358706534258,-0.240992113638049,0.809575611704451,"usdgbp_to_oil"
0.2,0.65,1.98793122720762,1.56382035522292,1.27120178514638,0.203742944160944,"usdgbp_to_oil"
0.2,0.7,0.38425282224473,1.13117980148361,0.339692082320388,0.734109192818226,"usdgbp_to_oil"
0.2,0.75,-0.595633515276486,0.831699163702363,-0.716164619698527,0.47393838954826,"usdgbp_to_oil"
0.2,0.8,0.0986127335210231,0.733879011843205,0.134371922250983,0.893116355265066,"usdgbp_to_oil"
0.2,0.85,-0.0473201314265497,0.609908105160674,-0.0775856740157334,0.938162157256369,"usdgbp_to_oil"
0.2,0.9,-0.981029815607602,0.521287482601579,-1.88193626041354,0.0599291471176003,"usdgbp_to_oil"
0.2,0.95,-2.04671361595669,0.690134061296333,-2.96567541111097,0.00304098813277198,"usdgbp_to_oil"
0.25,0.05,0.604366577076999,0.330408193662691,1.82915130032758,0.0674635937965653,"usdgbp_to_oil"
0.25,0.1,0.508008936885786,0.371332333606612,1.36807083819415,0.171379386704633,"usdgbp_to_oil"
0.25,0.15,0.140163436739114,0.475211209821241,0.294949769370632,0.768050076391975,"usdgbp_to_oil"
0.25,0.2,-0.518490776256334,0.64822191122554,-0.799866168170815,0.423843651193313,"usdgbp_to_oil"
0.25,0.25,-0.0394865989127316,0.795346689798629,-0.049647027414836,0.960406556810434,"usdgbp_to_oil"
0.25,0.3,0.103350924627497,1.04459760019931,0.0989385047484103,0.921192869586921,"usdgbp_to_oil"
0.25,0.35,-0.0162358089398067,1.01445389127217,-0.0160044818985773,0.987231745584228,"usdgbp_to_oil"
0.25,0.4,-0.546113961596551,1.39635071203231,-0.391100858037099,0.695746942674002,"usdgbp_to_oil"
0.25,0.45,-0.79685160532994,1.66141523010729,-0.479622186488854,0.631526602499474,"usdgbp_to_oil"
0.25,0.5,1.19027368312994,1.53401185716589,0.775922087935481,0.437848408106694,"usdgbp_to_oil"
0.25,0.55,0.0612465350715571,1.64121415408112,0.0373178204192662,0.97023376523088,"usdgbp_to_oil"
0.25,0.6,-0.212786801154116,1.13380160105458,-0.187675516559685,0.851142109017062,"usdgbp_to_oil"
0.25,0.65,1.27566740591518,1.10134020161189,1.15828642598186,0.246827692373302,"usdgbp_to_oil"
0.25,0.7,1.10247916274679,0.971309838959058,1.13504375074415,0.256436181890513,"usdgbp_to_oil"
0.25,0.75,-0.493529569675548,0.894287179405318,-0.551869221700947,0.581073857281904,"usdgbp_to_oil"
0.25,0.8,-0.111286293784254,0.66800250984464,-0.16659562223821,0.867698043862786,"usdgbp_to_oil"
0.25,0.85,-0.111286293784253,0.546774551496682,-0.203532321465272,0.838731041459774,"usdgbp_to_oil"
0.25,0.9,-1.06024115843337,0.505677679788978,-2.09667383159133,0.0360954149585305,"usdgbp_to_oil"
0.25,0.95,-1.30090158851667,0.734322798549131,-1.7715663889055,0.0765552072046868,"usdgbp_to_oil"
0.3,0.05,0.567363110601338,0.282678912489656,2.00709386350883,0.0448178779608755,"usdgbp_to_oil"
0.3,0.1,0.509933519223173,0.320018294465313,1.59345114964496,0.111151023593328,"usdgbp_to_oil"
0.3,0.15,-0.115397910152071,0.487506768576066,-0.23671037530234,0.812895599813354,"usdgbp_to_oil"
0.3,0.2,-0.62637522873491,0.556643437592627,-1.12527191813104,0.260552443812378,"usdgbp_to_oil"
0.3,0.25,0.434296562187448,0.846940909654483,0.512782600576731,0.608136374772031,"usdgbp_to_oil"
0.3,0.3,0.475950251102141,0.953209397999484,0.499313426935389,0.617590574767643,"usdgbp_to_oil"
0.3,0.35,-0.596555934016336,0.979217377985572,-0.609217061939362,0.542420862230851,"usdgbp_to_oil"
0.3,0.4,-0.462254423429478,1.48844325924376,-0.310562341264079,0.756152201837195,"usdgbp_to_oil"
0.3,0.45,0.237104043463773,1.43997188258459,0.164658800863665,0.869222234825151,"usdgbp_to_oil"
0.3,0.5,-0.109959597769014,1.23552249247549,-0.0889984589019492,0.929088323194227,"usdgbp_to_oil"
0.3,0.55,-0.755140664010619,1.47307878049714,-0.512627480626508,0.608244887567261,"usdgbp_to_oil"
0.3,0.6,0.0165266496167456,1.05606811507797,0.0156492269587415,0.987515141878978,"usdgbp_to_oil"
0.3,0.65,1.05669780888447,1.06383629056907,0.993289868236419,0.320638677005349,"usdgbp_to_oil"
0.3,0.7,0.893362035776039,0.922061804915883,0.968874354206156,0.332676095135057,"usdgbp_to_oil"
0.3,0.75,-0.145166947397136,0.710547673190367,-0.20430289602573,0.83812891039331,"usdgbp_to_oil"
0.3,0.8,0.03830869378701,0.689114925214182,0.0555911537906444,0.955670744908874,"usdgbp_to_oil"
0.3,0.85,0.0194333875044627,0.524381471776382,0.0370596379742989,0.970439607594037,"usdgbp_to_oil"
0.3,0.9,-0.614526687676538,0.41534102307188,-1.47957137277573,0.139079371385549,"usdgbp_to_oil"
0.3,0.95,-1.03956000670029,0.623701829942939,-1.66675798721867,0.0956537037929278,"usdgbp_to_oil"
0.35,0.05,0.595013088260816,0.286981266891043,2.07335166753836,0.0382139367858393,"usdgbp_to_oil"
0.35,0.1,0.470497529094601,0.246678013453194,1.90733467692643,0.0565605870527017,"usdgbp_to_oil"
0.35,0.15,0.205455150957061,0.429521924012638,0.478334491142334,0.632442592522751,"usdgbp_to_oil"
0.35,0.2,-0.475247307871236,0.489836838604889,-0.970215529776803,0.332007381142438,"usdgbp_to_oil"
0.35,0.25,0.056017597371419,0.762510678481606,0.0734646726298539,0.941440632659489,"usdgbp_to_oil"
0.35,0.3,0.211087537570759,0.925389208019684,0.228106763879906,0.819576818942823,"usdgbp_to_oil"
0.35,0.35,-0.194767676176292,1.20106867506704,-0.162161981424934,0.87118783572244,"usdgbp_to_oil"
0.35,0.4,0.0108140328866019,1.22186710191175,0.00885041660396791,0.992938995370005,"usdgbp_to_oil"
0.35,0.45,0.98814376495892,1.41049250385805,0.70056647749357,0.483621053362524,"usdgbp_to_oil"
0.35,0.5,-0.480787591727788,1.57562493193815,-0.305140888533909,0.760277338376292,"usdgbp_to_oil"
0.35,0.55,-0.685643816291673,1.67318882496939,-0.409782689233665,0.681990918671577,"usdgbp_to_oil"
0.35,0.6,-0.000739021864633146,1.20445232533867,-0.000613575024171545,0.999510473621172,"usdgbp_to_oil"
0.35,0.65,0.550015859204653,1.11443830936969,0.493536389210931,0.621665186945443,"usdgbp_to_oil"
0.35,0.7,1.4743929923888,1.16351019561888,1.26719387414097,0.205171878921834,"usdgbp_to_oil"
0.35,0.75,-0.195508523744206,0.816966411432491,-0.239310357204767,0.810879212187723,"usdgbp_to_oil"
0.35,0.8,0.131488165081993,0.649522790700344,0.202438108353698,0.839586227649502,"usdgbp_to_oil"
0.35,0.85,0.295051756330833,0.452052123008682,0.652694106084679,0.513997180265023,"usdgbp_to_oil"
0.35,0.9,-0.645611377855221,0.427373906752997,-1.51064762647841,0.130970233294472,"usdgbp_to_oil"
0.35,0.95,-1.18372541160984,0.547332989193916,-2.1627152665385,0.0306318792248211,"usdgbp_to_oil"
0.4,0.05,0.600805841996521,0.234406652620418,2.56309211057002,0.0104166802330136,"usdgbp_to_oil"
0.4,0.1,0.499279599734318,0.273218916039812,1.82739763033671,0.0677267202535796,"usdgbp_to_oil"
0.4,0.15,0.471155858934662,0.365927840279103,1.28756494333773,0.19798418995718,"usdgbp_to_oil"
0.4,0.2,-0.570945397746846,0.506822320288026,-1.12651983721313,0.260024241029689,"usdgbp_to_oil"
0.4,0.25,-0.710018008231717,0.705791296403903,-1.00598861426791,0.31449190517932,"usdgbp_to_oil"
0.4,0.3,0.363729848322156,0.859205136445593,0.423332953788956,0.672078857257481,"usdgbp_to_oil"
0.4,0.35,0.32232449170716,0.951380934520217,0.338796458928104,0.73478377716299,"usdgbp_to_oil"
0.4,0.4,0.296364306593525,1.10857264473815,0.267338643074245,0.789224485654295,"usdgbp_to_oil"
0.4,0.45,0.803671340562855,1.29812102283329,0.6191035553902,0.535889197350755,"usdgbp_to_oil"
0.4,0.5,-0.0394307428931794,1.2531512844597,-0.0314652695027001,0.974900317375999,"usdgbp_to_oil"
0.4,0.55,-0.520438403773267,1.26712900047848,-0.410722510160168,0.681301637581848,"usdgbp_to_oil"
0.4,0.6,-0.136106185442614,1.14396700763838,-0.11897736956907,0.905300242047931,"usdgbp_to_oil"
0.4,0.65,0.271954395660761,1.02061845373116,0.266460394348695,0.789900651243946,"usdgbp_to_oil"
0.4,0.7,0.838871656813275,0.829686554565197,1.01107056899686,0.312053868337172,"usdgbp_to_oil"
0.4,0.75,0.110791365806156,0.709472444905832,0.156160209746922,0.875915916388877,"usdgbp_to_oil"
0.4,0.8,0.171709515783513,0.515768716726014,0.332919601780982,0.739215289491347,"usdgbp_to_oil"
0.4,0.85,-0.152529601903143,0.40119379840722,-0.380189331212748,0.70382838428283,"usdgbp_to_oil"
0.4,0.9,-0.444112778987401,0.352777480514245,-1.25890342643191,0.208150762548191,"usdgbp_to_oil"
0.4,0.95,-0.666931260162593,0.575940552973462,-1.15798628299286,0.246950140887874,"usdgbp_to_oil"
0.45,0.05,0.613579513145474,0.254657507608411,2.40943029289747,0.0160297294721543,"usdgbp_to_oil"
0.45,0.1,0.564107584704214,0.200469147566718,2.81393716465259,0.00492172240810211,"usdgbp_to_oil"
0.45,0.15,0.205552133287121,0.281419114525292,0.730412835083551,0.46518768707056,"usdgbp_to_oil"
0.45,0.2,-0.155207744790177,0.363156896347246,-0.427384820035935,0.669125850653741,"usdgbp_to_oil"
0.45,0.25,-0.573875770173638,0.517259079095453,-1.10945519057334,0.267311529404106,"usdgbp_to_oil"
0.45,0.3,-0.161672394667803,0.798340677834495,-0.202510531101009,0.839529619523929,"usdgbp_to_oil"
0.45,0.35,0.688613664878104,0.72584868675001,0.948701399407876,0.342839240203351,"usdgbp_to_oil"
0.45,0.4,0.489310312430695,0.80156358361788,0.610444788699331,0.541607591171905,"usdgbp_to_oil"
0.45,0.45,0.433563983188892,0.798469778926167,0.542993604306448,0.587169436605604,"usdgbp_to_oil"
0.45,0.5,-0.488294553945023,0.78447933743307,-0.622444123949514,0.533691189916028,"usdgbp_to_oil"
0.45,0.55,-0.800027137420779,0.760733307759804,-1.05165256898858,0.293032955032174,"usdgbp_to_oil"
0.45,0.6,0.00955457741331606,0.753992840709621,0.012671973654715,0.989890234351962,"usdgbp_to_oil"
0.45,0.65,0.459922118533897,0.628118551382007,0.732221835387541,0.464083134180999,"usdgbp_to_oil"
0.45,0.7,0.465636626313684,0.623370408108332,0.746966202208244,0.455135086530706,"usdgbp_to_oil"
0.45,0.75,-0.0612953220817132,0.481749631498474,-0.127234808444077,0.898762003457915,"usdgbp_to_oil"
0.45,0.8,0,0.3438690150085,0,1,"usdgbp_to_oil"
0.45,0.85,0,0.259194591956877,0,1,"usdgbp_to_oil"
0.45,0.9,-0.0537928370540066,0.326923831332045,-0.164542415995887,0.869313840005225,"usdgbp_to_oil"
0.45,0.95,-0.400155788826912,0.554231185705767,-0.722001574699098,0.470342654676553,"usdgbp_to_oil"
0.5,0.05,0.646669933253916,0.30343073496837,2.13119456511657,0.0331439220665245,"usdgbp_to_oil"
0.5,0.1,0.347200897511332,0.243293298973476,1.42708779475749,0.153645481287905,"usdgbp_to_oil"
0.5,0.15,0.135589487064962,0.276561448080417,0.490268936636229,0.623974918039956,"usdgbp_to_oil"
0.5,0.2,-0.238606476107809,0.380388713487696,-0.627270125656677,0.530523873580073,"usdgbp_to_oil"
0.5,0.25,-0.244446913214338,0.427451877399406,-0.571870018916608,0.567447456243732,"usdgbp_to_oil"
0.5,0.3,0,0.46685547143024,0,1,"usdgbp_to_oil"
0.5,0.35,0.200649627718249,0.602794301795772,0.332865833536412,0.739255874343324,"usdgbp_to_oil"
0.5,0.4,0.0802735179936209,0.614727519069262,0.130583901815816,0.89611212474122,"usdgbp_to_oil"
0.5,0.45,-0.0131845060854666,0.748572319370465,-0.0176128688495382,0.985948713316656,"usdgbp_to_oil"
0.5,0.5,-0.278377331885719,0.759745041848911,-0.366408882653925,0.714082558781991,"usdgbp_to_oil"
0.5,0.55,-0.161447378415316,0.667969715396008,-0.241698649944932,0.809028102972712,"usdgbp_to_oil"
0.5,0.6,0.181039158525305,0.63520765431481,0.285007835304802,0.775655321021392,"usdgbp_to_oil"
0.5,0.65,0.628748857733904,0.602050247836081,1.04434614883689,0.296398756537154,"usdgbp_to_oil"
0.5,0.7,0.479606112106441,0.658645140639089,0.728170728840534,0.46655871586388,"usdgbp_to_oil"
0.5,0.75,-0.117459682618088,0.580042565935405,-0.202501832652,0.839536418488818,"usdgbp_to_oil"
0.5,0.8,-0.0535358554691532,0.444368090818133,-0.120476372123362,0.904112841665915,"usdgbp_to_oil"
0.5,0.85,0.111074430009242,0.326505880026685,0.340191208808136,0.733733339335426,"usdgbp_to_oil"
0.5,0.9,0.0568891023667806,0.333071652775941,0.170801393311758,0.864389993103827,"usdgbp_to_oil"
0.5,0.95,-0.114064625041673,0.53236646568726,-0.214259598215717,0.830357339858984,"usdgbp_to_oil"
0.55,0.05,0.478338394236413,0.370941002002757,1.28952688339602,0.197301794918092,"usdgbp_to_oil"
0.55,0.1,0.392850539949516,0.293969398586151,1.33636542388063,0.181518375529104,"usdgbp_to_oil"
0.55,0.15,0.237047414830521,0.38105060530483,0.622089065154192,0.533924592771594,"usdgbp_to_oil"
0.55,0.2,-0.549605539741212,0.588219368398585,-0.934354714020216,0.350186625103701,"usdgbp_to_oil"
0.55,0.25,-0.71816736971484,0.647318847907171,-1.1094491872695,0.267314117532148,"usdgbp_to_oil"
0.55,0.3,0.167385058172272,0.63840313724728,0.262193351514558,0.79318810076106,"usdgbp_to_oil"
0.55,0.35,0.671426349427673,0.809647102156283,0.829282717914391,0.407002070232405,"usdgbp_to_oil"
0.55,0.4,0.23209851080843,1.03231225529785,0.224833629182734,0.822122076747079,"usdgbp_to_oil"
0.55,0.45,-0.32470781655545,1.08694259973827,-0.298735017501052,0.76516030672336,"usdgbp_to_oil"
0.55,0.5,-0.257946278136844,1.04235603004943,-0.247464657660792,0.804563430031463,"usdgbp_to_oil"
0.55,0.55,0.124604828519439,0.971475731475053,0.1282634495977,0.897947997659324,"usdgbp_to_oil"
0.55,0.6,0.827732839934827,0.808380497787212,1.02393964500701,0.305935886138403,"usdgbp_to_oil"
0.55,0.65,1.12303520875145,0.683004097284995,1.64425837738839,0.100214350715054,"usdgbp_to_oil"
0.55,0.7,0.467063812900472,0.703492746754291,0.663921291378436,0.506785246905155,"usdgbp_to_oil"
0.55,0.75,-0.321983772974534,0.64026619693342,-0.502890476674683,0.615073517949194,"usdgbp_to_oil"
0.55,0.8,0.288396747256426,0.551550809792581,0.522883372004987,0.601089140361121,"usdgbp_to_oil"
0.55,0.85,0.212962719340532,0.379687001383658,0.560890203152734,0.574908972871118,"usdgbp_to_oil"
0.55,0.9,0.0513290929432906,0.372524882510962,0.137787018674599,0.890416819993906,"usdgbp_to_oil"
0.55,0.95,0.107138865057356,0.477188793696881,0.22452091598239,0.822365347550491,"usdgbp_to_oil"
0.6,0.05,0.253315446295307,0.433052799917516,0.584952796387775,0.558617877005972,"usdgbp_to_oil"
0.6,0.1,0.331493429622936,0.317843588094658,1.04294515302354,0.297047089318414,"usdgbp_to_oil"
0.6,0.15,0.248940713744837,0.447152492473702,0.556724423848487,0.577751994879883,"usdgbp_to_oil"
0.6,0.2,-0.537564465782592,0.643490703645646,-0.835388083677142,0.403557337248366,"usdgbp_to_oil"
0.6,0.25,-0.546190714764647,0.748248867325752,-0.729958625552936,0.46546525118794,"usdgbp_to_oil"
0.6,0.3,-0.104042078787705,0.739250992140606,-0.140739856819721,0.888083709499257,"usdgbp_to_oil"
0.6,0.35,0.0097074356418238,0.967155067213553,0.0100371036361228,0.991992267302769,"usdgbp_to_oil"
0.6,0.4,-0.0174786641136385,1.12408333282432,-0.0155492600977566,0.987594888383004,"usdgbp_to_oil"
0.6,0.45,0.591502345293218,1.24778819363409,0.4740406651633,0.635501038318558,"usdgbp_to_oil"
0.6,0.5,0.41349154428539,1.20004412242902,0.344563617751353,0.730443554847244,"usdgbp_to_oil"
0.6,0.55,0.00642375988918378,1.245121587195,0.00515914265341361,0.995883917576188,"usdgbp_to_oil"
0.6,0.6,0.21731325437548,1.03683661852595,0.209592572728026,0.833998106244153,"usdgbp_to_oil"
0.6,0.65,0.473065142195642,0.914433367804445,0.517331452297582,0.60495811214454,"usdgbp_to_oil"
0.6,0.7,0.13619649026047,0.831295061218714,0.163836520405642,0.869869479794044,"usdgbp_to_oil"
0.6,0.75,-0.0572621978058662,0.764331846474911,-0.0749179797622705,0.94028433347771,"usdgbp_to_oil"
0.6,0.8,0.545035976251257,0.458123057894266,1.18971522358311,0.234240564152236,"usdgbp_to_oil"
0.6,0.85,0.369253597382074,0.38735665935529,0.953265132956932,0.340522826574675,"usdgbp_to_oil"
0.6,0.9,0.126158158006822,0.328159922055512,0.384441089626662,0.700675348639157,"usdgbp_to_oil"
0.6,0.95,0.0768996354985759,0.419324707884903,0.183389230475976,0.854503449057341,"usdgbp_to_oil"
0.65,0.05,0.209227856551199,0.390378621896403,0.535961358577477,0.592019958648763,"usdgbp_to_oil"
0.65,0.1,0.140097541949133,0.346838230159849,0.403927623216637,0.686291087516937,"usdgbp_to_oil"
0.65,0.15,0.0429403512745637,0.481399797081795,0.0891989392909272,0.928929008436006,"usdgbp_to_oil"
0.65,0.2,-0.700492955100719,0.672963937546214,-1.04090712149433,0.297991912961264,"usdgbp_to_oil"
0.65,0.25,-0.401670200791217,0.787113633188917,-0.510307767334544,0.609868651122015,"usdgbp_to_oil"
0.65,0.3,-0.246323231811654,0.915648933554307,-0.269014927867051,0.787934351531551,"usdgbp_to_oil"
0.65,0.35,-0.421108456696011,1.06687653597136,-0.394711517685224,0.693080307297313,"usdgbp_to_oil"
0.65,0.4,-0.3528727326821,1.23273363529716,-0.286252214248246,0.774702217041877,"usdgbp_to_oil"
0.65,0.45,0.622298663865387,1.3981654307034,0.445082284399148,0.656288335530235,"usdgbp_to_oil"
0.65,0.5,-0.0609304906779963,1.15098334622878,-0.0529377691498633,0.95778456943562,"usdgbp_to_oil"
0.65,0.55,-0.817392827115824,1.1267288267584,-0.725456567457728,0.468221399800132,"usdgbp_to_oil"
0.65,0.6,0.281394856917903,1.06616627453404,0.263931493275646,0.791848540099539,"usdgbp_to_oil"
0.65,0.65,0.518147229254416,0.998904690065799,0.51871538336684,0.603992645852445,"usdgbp_to_oil"
0.65,0.7,-0.800072351703344,0.999176954106079,-0.800731390386336,0.423342544123507,"usdgbp_to_oil"
0.65,0.75,-0.300721867632582,0.718638519193333,-0.41846054671567,0.675636586878771,"usdgbp_to_oil"
0.65,0.8,0.519653837421608,0.567754986656397,0.915278332440434,0.360109777314068,"usdgbp_to_oil"
0.65,0.85,0.511527100682361,0.430917029857975,1.18706633815553,0.235283540203774,"usdgbp_to_oil"
0.65,0.9,0.193229131404271,0.31284514222979,0.617651052616763,0.536846327088566,"usdgbp_to_oil"
0.65,0.95,0.0975665085354438,0.434427099324651,0.2245866077119,0.822314242181949,"usdgbp_to_oil"
0.7,0.05,0.175970268135124,0.445606808378256,0.394900313070959,0.69294097762003,"usdgbp_to_oil"
0.7,0.1,0.197765001146244,0.358719750238444,0.551307813452668,0.581458541090221,"usdgbp_to_oil"
0.7,0.15,0.0950766118258866,0.512309392795856,0.185584362033691,0.852781675161417,"usdgbp_to_oil"
0.7,0.2,-0.282379399979419,0.649111321469995,-0.435024610786229,0.663571892803211,"usdgbp_to_oil"
0.7,0.25,-0.369699589359114,0.914128329869834,-0.404428543869499,0.685922793428701,"usdgbp_to_oil"
0.7,0.3,-0.924924518698142,0.981812788447078,-0.942057925484027,0.34622923157452,"usdgbp_to_oil"
0.7,0.35,-1.06909877480216,0.950798434627401,-1.12442210237875,0.260912567441895,"usdgbp_to_oil"
0.7,0.4,-0.48948631042221,1.41201620988045,-0.346657713273458,0.728869716062865,"usdgbp_to_oil"
0.7,0.45,1.07360400782061,1.56180770027057,0.687411137513679,0.491870090124464,"usdgbp_to_oil"
0.7,0.5,1.00592484210494,1.28238711066778,0.784415901982298,0.432850200491294,"usdgbp_to_oil"
0.7,0.55,-0.602306318409421,1.55233341948034,-0.388000613045521,0.698039622504879,"usdgbp_to_oil"
0.7,0.6,0.476224682888806,1.27490906219518,0.373536197216159,0.708772461456258,"usdgbp_to_oil"
0.7,0.65,0.537603201918627,1.17497862995256,0.457542961390141,0.647309767652748,"usdgbp_to_oil"
0.7,0.7,-0.108575460020076,0.949498810549428,-0.114350285449277,0.908966804952416,"usdgbp_to_oil"
0.7,0.75,-0.265413155276313,0.688018158063711,-0.385764753685084,0.699694789792564,"usdgbp_to_oil"
0.7,0.8,0.45899618800324,0.61514343666469,0.746161237599997,0.455621080860505,"usdgbp_to_oil"
0.7,0.85,0.504254404610214,0.368090733110602,1.36991877070347,0.170801794466209,"usdgbp_to_oil"
0.7,0.9,0.295565637397136,0.29692730021047,0.995414154197447,0.319604991198878,"usdgbp_to_oil"
0.7,0.95,0.262731605412408,0.394629444589379,0.66576787164421,0.50560418738387,"usdgbp_to_oil"
0.75,0.05,0.221017605327637,0.472540469465454,0.467722067440395,0.640013029457075,"usdgbp_to_oil"
0.75,0.1,0.338040133960384,0.361495219739934,0.935116470429612,0.349794011563711,"usdgbp_to_oil"
0.75,0.15,-0.0434738128336469,0.48895231800612,-0.0889121724812085,0.929156892872664,"usdgbp_to_oil"
0.75,0.2,-0.842249834012425,0.67684988684684,-1.24436725244369,0.21344932861839,"usdgbp_to_oil"
0.75,0.25,-0.626550912433078,0.79039010990729,-0.792710972188872,0.428000981510088,"usdgbp_to_oil"
0.75,0.3,-0.143607870421808,0.890891375173464,-0.161195712994579,0.871948737076745,"usdgbp_to_oil"
0.75,0.35,-1.18483769872635,0.984294145193237,-1.20374351967088,0.228771671944277,"usdgbp_to_oil"
0.75,0.4,-1.4005029447704,1.37240623000632,-1.02047259342735,0.307576245158124,"usdgbp_to_oil"
0.75,0.45,2.95413164441099,1.67311342096397,1.76564936207908,0.0775435187731614,"usdgbp_to_oil"
0.75,0.5,1.13791863502323,1.50713135096012,0.755022867979168,0.450287023997005,"usdgbp_to_oil"
0.75,0.55,-0.84758541107877,1.39679805116374,-0.606805980558612,0.544019781909059,"usdgbp_to_oil"
0.75,0.6,-0.533188082024897,1.2197585695165,-0.437125916021438,0.662047511621525,"usdgbp_to_oil"
0.75,0.65,0.333181387451614,1.08468274708296,0.307169435807512,0.758733028506646,"usdgbp_to_oil"
0.75,0.7,-0.152315081962912,0.988983096746911,-0.154011815231146,0.877609466886393,"usdgbp_to_oil"
0.75,0.75,0.0790369590133406,0.761262997874328,0.103823460793491,0.917315509119987,"usdgbp_to_oil"
0.75,0.8,0.688448309506992,0.660810793527726,1.04182364490707,0.297566767956722,"usdgbp_to_oil"
0.75,0.85,0.235286131653387,0.46246257542183,0.508767939630085,0.610947569489067,"usdgbp_to_oil"
0.75,0.9,0.088698590397069,0.268339870067233,0.330545700774341,0.741007826324459,"usdgbp_to_oil"
0.75,0.95,0.288560574127028,0.375519680875273,0.768429962058026,0.442284610489,"usdgbp_to_oil"
0.8,0.05,0.11752895249275,0.451355742336389,0.260390954337649,0.794577827158882,"usdgbp_to_oil"
0.8,0.1,0.157525285912136,0.354708143615679,0.444098306586422,0.656999485254857,"usdgbp_to_oil"
0.8,0.15,0.0553367315962563,0.4943019666435,0.111949244248438,0.910870191742781,"usdgbp_to_oil"
0.8,0.2,-0.686819392932236,0.694903969643939,-0.98836590800331,0.323043091163553,"usdgbp_to_oil"
0.8,0.25,-0.638633180466744,0.743069863871647,-0.85945240349171,0.390150942836375,"usdgbp_to_oil"
0.8,0.3,-0.681836370211178,1.05930002290591,-0.643666907832911,0.519834423616109,"usdgbp_to_oil"
0.8,0.35,-2.07569365044497,1.2113825079511,-1.71349151636319,0.0867123799991766,"usdgbp_to_oil"
0.8,0.4,-1.23193127311074,1.40644135076643,-0.875920828436543,0.381134322066845,"usdgbp_to_oil"
0.8,0.45,2.63275558849775,1.43811362421011,1.83070067912319,0.0672318206034518,"usdgbp_to_oil"
0.8,0.5,0.700889255181898,1.63607076620765,0.428397884528268,0.668388324696366,"usdgbp_to_oil"
0.8,0.55,-1.65683667608599,1.28394123119313,-1.29043030618024,0.196988149391544,"usdgbp_to_oil"
0.8,0.6,-0.996389770208701,0.975825659079663,-1.02107355031885,0.307291499146759,"usdgbp_to_oil"
0.8,0.65,0.0214845844528607,1.07116492047251,0.0200572143861688,0.983998896164396,"usdgbp_to_oil"
0.8,0.7,-0.236316087148236,0.930619669839828,-0.253934120250123,0.79956165266335,"usdgbp_to_oil"
0.8,0.75,-0.457714784852292,0.929879854635877,-0.492230025815028,0.622588197197867,"usdgbp_to_oil"
0.8,0.8,0.502600723722396,0.691991550649171,0.726310492159761,0.467697935446599,"usdgbp_to_oil"
0.8,0.85,0.467318680671546,0.56216522069667,0.831283515000119,0.405871264201003,"usdgbp_to_oil"
0.8,0.9,0.124551240038686,0.359345854669311,0.346605473307336,0.728908963672219,"usdgbp_to_oil"
0.8,0.95,0.144805288047073,0.410813371071958,0.352484359672191,0.724496671017341,"usdgbp_to_oil"
0.85,0.05,0.0196156290161042,0.551515205780162,0.0355667963648552,0.971629850824813,"usdgbp_to_oil"
0.85,0.1,0.163866306688545,0.411565349203299,0.39815379746073,0.690541564684176,"usdgbp_to_oil"
0.85,0.15,0.130742986117431,0.61270672085313,0.213385918038218,0.831038626838956,"usdgbp_to_oil"
0.85,0.2,-0.454119591576589,0.734723496624046,-0.618082303973136,0.536562063368204,"usdgbp_to_oil"
0.85,0.25,-0.885580739324422,1.03742694972828,-0.853631901076378,0.393368499381135,"usdgbp_to_oil"
0.85,0.3,-0.449716794814419,1.20948157680324,-0.37182608105785,0.710045278553604,"usdgbp_to_oil"
0.85,0.35,-0.903939669214038,1.36391615074221,-0.662753108922521,0.50753315651144,"usdgbp_to_oil"
0.85,0.4,0.475640410843584,1.41722245690757,0.335614503231518,0.737182081884181,"usdgbp_to_oil"
0.85,0.45,1.7742798606646,1.44123136380365,1.23108607349619,0.218374957045662,"usdgbp_to_oil"
0.85,0.5,0.670479241197558,1.7643686178536,0.38001086304358,0.703960845324226,"usdgbp_to_oil"
0.85,0.55,-0.245341097497721,1.6190344054589,-0.151535444009407,0.879562252045915,"usdgbp_to_oil"
0.85,0.6,-0.224334696381773,1.24057575699421,-0.180831114195971,0.856510808118512,"usdgbp_to_oil"
0.85,0.65,-0.0306208773284594,1.44978530559258,-0.0211209737126861,0.983150380750676,"usdgbp_to_oil"
0.85,0.7,-0.371701403294769,1.41746071486145,-0.262230479756966,0.79315948016531,"usdgbp_to_oil"
0.85,0.75,-0.439296217167496,0.970476300069584,-0.452660427808487,0.650821865512696,"usdgbp_to_oil"
0.85,0.8,0.297135244192106,1.01855953798836,0.291721036532576,0.770517539164281,"usdgbp_to_oil"
0.85,0.85,0.927231063626873,0.966258663335778,0.959609573306001,0.337319287469319,"usdgbp_to_oil"
0.85,0.9,0.248313303439423,0.394659303887763,0.629183959413361,0.529270469028948,"usdgbp_to_oil"
0.85,0.95,0.0459224593781375,0.49531409834357,0.0927138143891147,0.926136328691691,"usdgbp_to_oil"
0.9,0.05,-0.290625728916873,0.675477952129079,-0.430251983800259,0.667039342398388,"usdgbp_to_oil"
0.9,0.1,-0.32479540802673,0.596477106207702,-0.544522840267453,0.586117081236085,"usdgbp_to_oil"
0.9,0.15,0.701983880117692,0.665586331141854,1.05468494058975,0.291643617816601,"usdgbp_to_oil"
0.9,0.2,-0.105871309947871,0.966821819463454,-0.109504468989565,0.912808773841801,"usdgbp_to_oil"
0.9,0.25,-1.67857662320268,1.1283606709393,-1.48762418474348,0.136941818993853,"usdgbp_to_oil"
0.9,0.3,-0.868597940021955,1.54226220619194,-0.563197319194278,0.573337287259875,"usdgbp_to_oil"
0.9,0.35,-0.748811084507649,1.45606093533376,-0.514271804384346,0.607095054914912,"usdgbp_to_oil"
0.9,0.4,-1.45947750954941,1.74578073995342,-0.83600275575749,0.403211501061622,"usdgbp_to_oil"
0.9,0.45,1.21555934408428,2.08249905649872,0.583702230400039,0.559458990672723,"usdgbp_to_oil"
0.9,0.5,2.41597401550106,1.9919231016471,1.21288518291862,0.225257124905875,"usdgbp_to_oil"
0.9,0.55,-0.535532714437337,2.23397142165916,-0.239722276321512,0.810559867601282,"usdgbp_to_oil"
0.9,0.6,-0.956284721857053,1.99393811814849,-0.479595988036494,0.631545232889821,"usdgbp_to_oil"
0.9,0.65,0.375452900999423,1.85393487244949,0.202516769374622,0.839524743512233,"usdgbp_to_oil"
0.9,0.7,-0.0977505796877892,1.60598686419589,-0.0608663631484509,0.951469178998264,"usdgbp_to_oil"
0.9,0.75,-0.74528614496565,1.2756507661006,-0.584239954046228,0.559097249730306,"usdgbp_to_oil"
0.9,0.8,0.843977598345354,0.834487875800621,1.01137191182751,0.311909693383017,"usdgbp_to_oil"
0.9,0.85,1.55430099775628,0.799912668855699,1.94308836235805,0.0520870767572982,"usdgbp_to_oil"
0.9,0.9,0.251682576134033,0.524494654552365,0.47985727585505,0.631359434909936,"usdgbp_to_oil"
0.9,0.95,0.281341930152821,0.461734440419254,0.609315453916245,0.542355662949711,"usdgbp_to_oil"
0.95,0.05,-1.13463955326893,0.898569294290516,-1.26271792334592,0.206776282170818,"usdgbp_to_oil"
0.95,0.1,-0.695616911064256,0.728928645084566,-0.954300418504687,0.339998745994827,"usdgbp_to_oil"
0.95,0.15,0.72112329061273,0.643367382526007,1.12085770929424,0.262426789448462,"usdgbp_to_oil"
0.95,0.2,-0.308005224871467,1.15934515593547,-0.265671722777795,0.790507986104623,"usdgbp_to_oil"
0.95,0.25,-1.6099899081931,1.21636057378673,-1.32361237521942,0.185719895806621,"usdgbp_to_oil"
0.95,0.3,-0.821958203801279,1.42671600935845,-0.576119002246907,0.564572492118367,"usdgbp_to_oil"
0.95,0.35,-2.00779568451293,1.96870570445719,-1.01985567470406,0.307868735916694,"usdgbp_to_oil"
0.95,0.4,-1.58384686626832,2.0711437480175,-0.764720878395997,0.444490302172252,"usdgbp_to_oil"
0.95,0.45,2.79263339628998,2.31582264691281,1.2058926014964,0.227941958237279,"usdgbp_to_oil"
0.95,0.5,1.40785870101568,2.82114803137932,0.499037514287169,0.61778491304979,"usdgbp_to_oil"
0.95,0.55,-1.2910301624204,3.19195896520969,-0.404463270515629,0.685897263969425,"usdgbp_to_oil"
0.95,0.6,-0.172730371447618,2.34359256331904,-0.073703242684383,0.94125080990299,"usdgbp_to_oil"
0.95,0.65,0.90328297551049,2.21912309285125,0.407045007291554,0.684000294162468,"usdgbp_to_oil"
0.95,0.7,-0.981557160048843,2.8182201257319,-0.348289741843331,0.727643940173092,"usdgbp_to_oil"
0.95,0.75,-2.21341908837434,1.42467402998803,-1.55363194792913,0.120364357758197,"usdgbp_to_oil"
0.95,0.8,0.808090321197204,1.34183030070513,0.602229895071349,0.547060868274147,"usdgbp_to_oil"
0.95,0.85,2.36647464628968,1.2740647730832,1.85742098540475,0.0633368070087117,"usdgbp_to_oil"
0.95,0.9,0.0247135484850773,0.672749617570939,0.0367351356873442,0.970698327890032,"usdgbp_to_oil"
0.95,0.95,0.0249415623872867,0.608982745775031,0.0409561068196513,0.967333268397356,"usdgbp_to_oil"
